SMILES,Title,IC50nM
CC(Oc1cc(C(=O)N(C)C)ccc1Nc1nc(OC2CCC(C)(O)CC2)c2c(Cl)c[nH]c2n1)C(F)(F)F,CHEMBL4546504,0.107
NC(=O)c1ccccc1Nc1nc(Nc2ccc(N3CCCC3=O)cc2)ncc1Cl,CHEMBL3220502,0.16
NC(=O)c1ccccc1Nc1nc(Nc2ccc(N3CCOCC3)c(F)c2)ncc1Cl,CHEMBL3220499,0.25
NC(=O)c1ccccc1Nc1nc(Nc2ccc(N3CCOCC3)cc2)ncc1Cl,CHEMBL3220493,0.28
COc1cc(Nc2ncc(Cl)c(Nc3ccccc3C(N)=O)n2)ccc1N1CCOCC1,CHEMBL3220497,0.28
C=CC(=O)Nc1cccc(C(=O)Nc2ccc(Nc3cc(-c4c(-c5ccc(F)cc5)nc(SC)n4C)ccn3)cc2)c1,CHEMBL4077018,0.3
NC(=O)c1ccccc1Nc1nc(Nc2ccc(N3CCOCC3)cc2F)ncc1Cl,CHEMBL3220496,0.3
Cc1cc(Nc2ncc(Cl)c(Nc3ccccc3C(N)=O)n2)ccc1N1CCOCC1,CHEMBL3220498,0.31
COc1ccc(Nc2ncc(Cl)c(Nc3ccccc3C(N)=O)n2)cc1,CHEMBL3220494,0.42
CN(C)CC=CC(=O)Nc1cccc(C(=O)Nc2ccc(Nc3nccc(-c4c(-c5ccccc5)nn5ccccc45)n3)cc2)c1,CHEMBL3393608,0.5
Cc1ccc(C(=O)Nc2ccc(Nc3nccc(-c4cccnc4)n3)cc2)cc1NC(=O)C=CCN(C)C,188576,0.5
Cc1ccc(NC(=O)C=CCN(C)C)cc1C(=O)Nc1ccc(Nc2nccc(-c3cccnc3)n2)cc1,188575,0.5
C=CC(=O)Nc1cccc(C(=O)Nc2ccc(Nc3cc(-c4[nH]c(SC)nc4-c4ccc(F)cc4)ccn3)cc2)c1,CHEMBL4062023,0.6
CN(C)CC=CC(=O)Nc1cccc(C(=O)Nc2ccc(Nc3nccc(-c4cccnc4)n3)cc2)c1,CHEMBL3393607,0.7
N#Cc1ccc(Nc2ncc(Cl)c(Nc3ccccc3C(N)=O)n2)cc1,CHEMBL3220500,0.77
COc1cc(N2CCOCC2)ccc1Nc1ncc(Cl)c(Nc2ccccc2C(N)=O)n1,CHEMBL3220495,0.78
C=CC(=O)Nc1cccc(C(=O)Nc2ccc(Nc3nccc(-c4cccnc4)n3)cc2)c1,188571,0.96
Cc1cc(NC(=O)c2cccc(NC(=O)C=CCN(C)C)c2)ccc1Nc1nccc(-c2cccnc2)n1,188574,0.98
Oc1onc(-c2ccnc(Nc3ccc(N4CCOCC4)cc3)c2)c1-c1ccc(F)cc1,CHEMBL3099975,1.0
O=C(NC1CC1)c1cc(-n2ncc3cc(Nc4ccccc4Cl)c(F)cc32)cs1,CHEMBL4861739,1.0
[H]C([H])([H])N1CCC(NC(=O)c2cc(-n3ncc4cc(Nc5ccccc5Cl)ccc43)cs2)C1,CHEMBL4875508,1.0
NC(=O)c1ccccc1Nc1nc(Nc2ccc(F)cc2)ncc1Cl,CHEMBL3217784,1.2
O=C(NC1CCNCC1)c1cccc(-c2n[nH]c3cc(Nc4ccccc4Cl)ccc23)c1,CHEMBL194806,1.259
CCCn1c(C2CCNCC2)nc(-c2ccc(Cl)c(Cl)c2)c1-c1ccnc(NC2CCCCC2)n1,CHEMBL437747,1.6
CCCn1c(C2CCN(C)CC2)nc(-c2ccc(Cl)c(Cl)c2)c1-c1ccnc(NC2CC2)n1,50383517,1.6
CN(C)CCNC(=O)c1ccc(-c2n[nH]c3cc(Nc4ccccc4Cl)ccc23)cc1,CHEMBL399167,1.9
Cc1cc(Nc2nc3ccccc3[nH]2)c2ccccc2c1Oc1ncccc1-c1ccnc(NC2CCC(N)CC2)n1,CHEMBL3356001,1.9
NC1CCC(Nc2nccc(-c3cccnc3Oc3ccc(Nc4nc5ccccc5[nH]4)c4ccccc34)n2)CC1,CHEMBL3355999,1.9
C=CC(=O)Nc1cccc(C(=O)Nc2ccc(Nc3cc(-c4c(-c5ccc(F)cc5)nc(SC)n4C)ccn3)cc2)c1C,CHEMBL4086457,2.0
C=CC(=O)Nc1cccc(C(=O)Nc2ccc(Nc3cc(-c4[nH]c(SC)nc4C)ccn3)cc2)c1,CHEMBL4082278,2.0
CCC(=O)Nc1cccc(C(=O)Nc2ccc(Nc3cc(-c4[nH]c(SC)nc4-c4ccc(F)cc4)ccn3)cc2)c1,CHEMBL4069805,2.0
N#Cc1ccc2c(ccc(=O)n2CC(=O)Nc2scc(Br)c2-c2ncn[nH]2)c1,CHEMBL1822151,2.0
C=CC(=O)Nc1cccc(C(=O)Nc2ccc(Nc3cc(-c4c(-c5ccc(F)cc5)nc(SC)n4C)ccn3)c(C)c2)c1,CHEMBL4092555,2.0
CNC(=O)c1cc(-n2ncc3cc(Nc4c(F)cccc4Cl)ncc32)cs1,CHEMBL4877727,2.0
CNC(=O)c1cc(-n2ncc3cc(Nc4c(F)cccc4Cl)cnc32)cs1,CHEMBL4857979,2.0
N#Cc1ccc2ccc(=O)n(CC(=O)Nc3scc(Br)c3-c3ncn[nH]3)c2c1,CHEMBL1822152,2.0
CNC(=O)c1cc(-n2ncc3cc(Nc4c(F)cccc4Cl)c(F)cc32)cs1,CHEMBL4874573,2.0
O=C(NC1CCOC1)c1cc(-n2ncc3cc(Nc4ccccc4Cl)c(F)cc32)cs1,CHEMBL4874575,2.0
CC(C)NC(=O)c1cc(-n2ncc3cc(Nc4ccccc4Cl)c(F)cc32)cs1,CHEMBL4865870,2.0
O=C(NC1CCOCC1)c1cc(-n2ncc3cc(Nc4ccccc4Cl)c(F)cc32)cs1,CHEMBL4867426,2.0
N#Cc1ccc2c(ccc(=O)n2CC(=O)Nc2scc(Br)c2-c2nnc[nH]2)c1,50659455,2.0
N#Cc1ccc2ccc(=O)n(CC(=O)Nc3scc(Br)c3-c3nnc[nH]3)c2c1,50659456,2.0
CCCNc1nccc(-c2c(-c3ccc(F)cc3)nc3n2C(CO)CC3)n1,CHEMBL198756,2.5
NC(=O)c1ccccc1Nc1nc(Nc2ccc(Cl)cc2)ncc1Cl,CHEMBL3220501,2.5
CCOc1nc(NC(=O)Cc2cc(OC)ccc2OC)cc(N)c1C#N,51238616,2.6
CN(C)CCCC(=O)Nc1cc(C(=O)O)cc(-c2n[nH]c3cc(Nc4ccccc4Cl)ccc23)c1,CHEMBL1092764,3.0
C=CC(=O)Nc1cccc(C(=O)Nc2cccc(Nc3cc(-c4c(-c5ccc(F)cc5)nc(SC)n4C)ccn3)c2)c1,CHEMBL4094220,3.0
C=CC(=O)Nc1ccc(C(=O)Nc2ccc(Nc3cc(-c4[nH]c(SC)nc4-c4ccc(F)cc4)ccn3)cc2)cc1,CHEMBL4082212,3.0
Cn1cnc(-c2c(Br)csc2NC(=O)CN2C(=O)CCc3ncccc32)n1,CHEMBL1822305,3.0
C=CC(=O)Nc1cccc(C(=O)Nc2cccc(Nc3cc(-c4c(-c5ccc(F)cc5)nc(SC)n4C)ccn3)c2)c1C,CHEMBL4071770,3.0
CN(c1nccc(-c2cnc3ccccn23)n1)C1CCCCC1,CHEMBL482708,3.0
O=C(Nc1cc(-c2ccnc(Nc3ccc(F)cc3)c2)ccn1)C1CCOC1,CHEMBL203839,3.0
COCCNC(=O)c1cc(-n2ncc3cc(Nc4ccccc4Cl)c(F)cc32)cs1,CHEMBL4876387,3.0
COc1ccc(CCNc2nccc(C(C#N)=C3Nc4ccccc4S3)n2)cc1,CHEMBL370516,3.1
COc1ccc(CCNc2nccc(C(C#N)c3nc4ccccc4s3)n2)cc1,50383506,3.1
NC(=O)c1cccc(-c2[nH]nc3cc(Nc4ccccc4Cl)ccc23)c1,CHEMBL199136,3.3
NC(=O)c1cccc(-c2n[nH]c3cc(Nc4ccccc4Cl)ccc23)c1,50319425,3.3
O=C(NCCCN1CCOCC1)c1cccc(-c2[nH]nc3cc(Nc4ccccc4Cl)ccc23)c1,CHEMBL198687,3.4
O=C(NCCCN1CCOCC1)c1cccc(-c2n[nH]c3cc(Nc4ccccc4Cl)ccc23)c1,50319407,3.4
CS(=O)(=O)Nc1ccc(-c2ccnc(Nc3ccc(-n4ccnn4)cc3)n2)cc1,CHEMBL571626,4.0
C=CC(=O)Nc1ccc(C(=O)Nc2cccc(Nc3cc(-c4c(-c5ccc(F)cc5)nc(SC)n4C)ccn3)c2)cc1,CHEMBL4072555,4.0
COc1c(-c2cnn(C)c2)ccc2cnc(Nc3ccc(-n4cnc(N5CCOCC5)n4)cc3)nc12,CHEMBL1761584,4.0
CC(=O)N1CCC(NC(=O)c2cc(-n3ncc4cc(Nc5ccccc5Cl)c(F)cc43)cs2)C1,CHEMBL4862656,4.0
O=C(NCC(F)F)c1cc(-n2ncc3cc(Nc4ccccc4Cl)c(F)cc32)cs1,CHEMBL4879188,4.0
Cc1nc2c(cnn2-c2csc(C(=O)NC3COC3)c2)cc1Nc1c(F)cccc1Cl,CHEMBL4845770,5.0
CCNC(=O)N1CCC(Nc2nccc(-c3c(-c4ccccc4)[nH]c4ccccc34)n2)CC1,CHEMBL245936,5.0
O=C(CN1C(=O)CCc2ccccc21)Nc1scc(Cl)c1-c1ncn[nH]1,CHEMBL1682014,5.0
CC(=O)N1CCCC(C(=O)Nc2cc(-c3ccnc(Nc4ccc(F)cc4)c3)ccn2)C1,CHEMBL202639,5.0
CNC(=O)c1cc(-n2ncc3cc(Nc4c(F)cccc4OC)c(F)cc32)cs1,CHEMBL4875476,5.0
O=C(Cn1c(=O)ccc2cc(F)c(F)cc21)Nc1scc(Br)c1-c1ncn[nH]1,CHEMBL1822145,5.0
CNC(=O)c1cc(-n2ncc3cc(Nc4ccccc4Cl)c(F)cc32)cs1,CHEMBL4874134,5.0
O=C(NC1COC1)c1cc(-n2ncc3cc(Nc4ccccc4Cl)ncc32)cs1,CHEMBL4872832,5.0
[H]C([H])([H])N1CCC(NC(=O)c2cc(-n3ncc4cc(Nc5ccccc5Cl)c(F)cc43)cs2)C1,CHEMBL4847175,5.0
O=C(CN1C(=O)CCc2ccccc21)Nc1scc(Cl)c1-c1nnc[nH]1,50626383,5.0
O=C(Cn1c(=O)ccc2cc(F)c(F)cc21)Nc1scc(Br)c1-c1nnc[nH]1,50659449,5.0
O=C(O)c1cccc(-c2[nH]nc3cc(Nc4ccccc4Cl)ccc23)c1,CHEMBL197613,5.3
O=C(O)c1cccc(-c2n[nH]c3cc(Nc4ccccc4Cl)ccc23)c1,50319431,5.3
CN1CCCC(Nc2nccc(-c3cccnc3Oc3ccc(Nc4nc5ccccc5[nH]4)c4ccccc34)n2)C1,CHEMBL3355996,5.5
O=C(CN1C(=O)CCc2ncccc21)Nc1scc(Br)c1-c1ncco1,CHEMBL1822153,6.0
N#Cc1csc(NC(=O)CN2C(=O)CCc3ncccc32)c1-c1ncn[nH]1,CHEMBL1822139,6.0
O=C(Cn1c(=O)ccc2cnc(C(F)(F)F)cc21)Nc1scc(Br)c1-c1ncn[nH]1,CHEMBL1822141,6.0
O=C(Cn1c(=O)ccc2cc(OC(F)(F)F)ccc21)Nc1scc(Br)c1-c1ncn[nH]1,CHEMBL1822149,6.0
OC1CCC(Nc2ncc3nc(Nc4c(F)cc(F)cc4F)n(C4CCOC4)c3n2)CC1,CHEMBL1950289,6.0
N#Cc1csc(NC(=O)CN2C(=O)CCc3ccccc32)c1-c1ncn[nH]1,CHEMBL1682015,6.0
O=C(NC1COC1)c1cc(-n2ncc3cc(Nc4ccccc4Cl)cnc32)cs1,CHEMBL4872493,6.0
O=C(Nc1cc(-c2ccnc(Nc3ccc(F)cc3)c2)ccn1)C1CCOCC1,CHEMBL205078,6.0
N#Cc1csc(NC(=O)CN2C(=O)CCc3ncccc32)c1-c1nnc[nH]1,50659443,6.0
O=C(Cn1c(=O)ccc2cnc(C(F)(F)F)cc21)Nc1scc(Br)c1-c1nnc[nH]1,50659445,6.0
O=C(Cn1c(=O)ccc2cc(OC(F)(F)F)ccc21)Nc1scc(Br)c1-c1nnc[nH]1,50659453,6.0
N#Cc1csc(NC(=O)CN2C(=O)CCc3ccccc32)c1-c1nnc[nH]1,50626384,6.0
O=C(Nc1cc(-c2ccnc(Nc3ccccc3)c2)ccn1)C1CCOC1,CHEMBL203535,6.31
Fc1ccc(-c2n[nH]cc2-c2ccnc(Nc3ccc(N4CCOCC4)cc3)c2)cc1,CHEMBL3099962,7.0
N#Cc1csc(NC(=O)Cc2cccc3cnccc23)c1-c1ncn[nH]1,CHEMBL1682018,7.0
COc1ccc(Oc2ncc(Cl)c(Nc3ccccc3C(N)=O)n2)cc1,CHEMBL1923217,7.0
c1cc(-c2nccs2)c2nc(Nc3ccc(-n4cnc(N5CCOCC5)n4)cc3)ncc2c1,CHEMBL1761566,7.0
Cc1cc(Nc2nc3ccccc3o2)c2ccccc2c1Oc1ncccc1-c1ccnc(NC2CCC(N)CC2)n1,CHEMBL3356003,7.0
CS(=O)(=O)Nc1ccc(-c2ccnc(Nc3ccc(S(N)(=O)=O)cc3)n2)cc1,CHEMBL585916,7.0
Cc1nc(C)n(-c2ccc(Nc3cc(-c4nn(C)cc4-c4ccc(F)cc4)ccn3)cc2)n1,CHEMBL1771718,7.0
O=C(Cn1c(=O)ccc2cnccc21)Nc1scc(Br)c1-c1ncn[nH]1,CHEMBL1822140,7.0
CNC(=O)C1CCC(Nc2ncc3nc(Nc4c(F)cc(F)cc4F)n(C4CCOC4)c3n2)CC1,CHEMBL1950304,7.0
COc1cc(NC(=O)c2cccc(-n3cc(NC(=O)Nc4cccc(C)c4)cn3)c2)cc(OC)c1OC,CHEMBL3393599,7.0
Fc1ccc(-c2nc3n(c2-c2ccnc(NC4CCC4)n2)C(Cn2ccnc2)CC3)cc1,50383514,7.0
N#Cc1csc(NC(=O)Cc2cccc3cnccc23)c1-c1nnc[nH]1,50626254,7.0
O=C(Cn1c(=O)ccc2cnccc21)Nc1scc(Br)c1-c1nnc[nH]1,50659444,7.0
N#Cc1csc(NC(=O)Cn2c(=O)ccc3cc(C(F)(F)F)ccc32)c1-c1ncco1,CHEMBL1822307,8.0
O=C(Nc1cc(-c2ccnc(Nc3ccccc3)c2)ccn1)C1CCOCC1,CHEMBL203059,8.0
O=C(Cn1c(=O)ccn2nccc12)Nc1scc(Br)c1-c1ncn[nH]1,CHEMBL1822143,8.0
N#Cc1csc(NC(=O)Cn2c(=O)ccc3cc(C(F)(F)F)ccc32)c1-c1cscn1,CHEMBL1822309,8.0
O=C(Nc1cnn(-c2csc(C(=O)NC3CCOC3)c2)c1)Nc1ccccc1Cl,CHEMBL4753310,8.0
C=CC(=O)Nc1ccc(C(=O)Nc2ccc(Nc3cc(-c4c(-c5ccc(F)cc5)nc(SC)n4C)ccn3)c(C)c2)cc1,CHEMBL4063964,8.0
O=C(Cn1c(=O)ccn2nccc12)Nc1scc(Br)c1-c1nnc[nH]1,50659447,8.0
CC(=O)N1CCCC(C(=O)Nc2cc(-c3ccnc(Nc4ccccc4)c3)ccn2)C1,CHEMBL203225,9.0
COc1cc(NC(=O)c2cccc(-n3ncc4cc(Nc5ccccc5F)ccc43)c2)cc(OC)c1OC,CHEMBL1233748,9.0
N#Cc1csc(NC(=O)Cn2c(=O)ccc3cc(C(F)(F)F)ccc32)c1-c1nccs1,CHEMBL1822308,9.0
O=C(Cn1c(=O)ccc2cc(C(F)(F)F)ccc21)Nc1scc(Br)c1-c1ncn[nH]1,CHEMBL1822146,9.0
Cn1cc(-c2ccc3cnc(Nc4ccc(-n5cnc(N6CCOCC6)n5)cc4)nc3c2-c2cnn(C)c2)cn1,CHEMBL1761582,9.0
O=C(Cn1c(=O)ccc2ccc(C(F)(F)F)cc21)Nc1scc(Br)c1-c1ncn[nH]1,CHEMBL1822147,9.0
O=C(Cn1c(=O)ccc2cc(C(F)(F)F)ccc21)Nc1scc(Br)c1-c1nnc[nH]1,50659450,9.0
O=C(Cn1c(=O)ccc2ccc(C(F)(F)F)cc21)Nc1scc(Br)c1-c1nnc[nH]1,50659451,9.0
Cc1c(-c2cnn(C)c2)ccc2cnc(Nc3ccc(-n4cnc(N5CCOCC5)n4)cc3)nc12,CHEMBL1761579,10.0
Cn1cc(-c2ccc3cnc(Nc4ccc(-n5cnc(N6CCOCC6)n5)cc4)nc3c2-c2ccccc2)cn1,CHEMBL1761583,10.0
C=CC(=O)Nc1ccc(C(=O)Nc2ccc(Nc3cc(-c4c(-c5ccc(F)cc5)nc(SC)n4C)ccn3)cc2)cc1,CHEMBL4101953,10.0
CCCNc1nccc(-c2c(-c3ccc(F)cc3)nc3n2C(Cc2ccc(OC)cc2)CC3)n1,CHEMBL1094013,10.9
CCCNc1nccc(-c2c(-c3ccc(F)cc3)nc3n2C(COCc2ccc(OC)cc2)CC3)n1,CHEMBL383348,10.9
N#Cc1csc(NC(=O)CN2C(=O)CCc3ncccc32)c1-c1nccs1,CHEMBL1822306,11.0
CC(C)NC(=O)NC1CCC(Nc2ncc3ccc(=O)n(C4CCCC4)c3n2)CC1,CHEMBL3577877,11.0
O=C(Cc1cccc2cnccc12)Nc1scc(Cl)c1-c1ncn[nH]1,CHEMBL1682017,11.0
CN(C)CC=CC(=O)Nc1cccc(C(=O)Nc2ccc(Nc3nccc(C(C#N)c4nc5ccccc5s4)n3)cc2)c1,188578,11.0
O=C(Cc1cccc2cnccc12)Nc1scc(Cl)c1-c1nnc[nH]1,50626253,11.0
COC(Cn1c(SC=CC(=O)O)nc(-c2ccc(F)cc2)c1-c1ccnc(NC2CC2)c1)OC,CHEMBL3394120,12.0
OC1CCC(Nc2ncc3nc(Nc4ccccc4F)n(C4CCCC4)c3n2)CC1,CHEMBL1946333,12.0
N#Cc1csc(NC(=O)Cc2cccc3ncccc23)c1-c1ncn[nH]1,CHEMBL1682021,12.0
CNC(=O)c1cc(-n2ncc3cc(Nc4c(F)cccc4Cl)c(C)nc32)cs1,CHEMBL4859957,12.0
COc1ccc2c(c1)OCC(C(=O)NC(=O)N(CC(=O)NCCCCCCNC(=O)c1ccc(-c3n[nH]c4ccccc34)cc1)CC(C)C)O2,CHEMBL3393604,12.0
CC(C)N1CCC(NC(=O)c2cc(-n3cc(NC(=O)Nc4ccccc4Cl)cn3)cs2)C1,CHEMBL4784095,12.0
CNC(=O)c1ccccc1Nc1nc(Nc2ccc(N3CCOCC3)cc2OC)ncc1Cl,CHEMBL458997,12.0
OCCNc1nccc(-c2cccnc2Oc2ccc(Nc3nc4ccccc4[nH]3)c3ccccc23)n1,CHEMBL3355995,12.0
COc1cc(NC(=O)c2cccc(-n3ncc4cc(Nc5ccccc5Cl)ccc43)c2)cc(OC)c1OC,CHEMBL2376910,12.0
N#Cc1csc(NC(=O)Cc2cccc3ncccc23)c1-c1nnc[nH]1,50626257,12.0
NC1CCC(Nc2ncc3nc(Nc4c(F)cccc4F)n(C4CCCC4)c3n2)CC1,CHEMBL1946646,13.0
c1cnc(Oc2ccc(Nc3nc4ccccc4[nH]3)c3ccccc23)c(-c2ccnc(NC3CCCNC3)n2)c1,CHEMBL3355997,14.0
O=C(Cn1c(=O)ccn2nc(C(F)(F)F)cc12)Nc1scc(Br)c1-c1ncn[nH]1,CHEMBL1822144,14.0
O=c1[nH]nc(-c2ccnc(NC3CCOCC3)c2)n1-c1ccc2cccc(Cl)c2c1,CHEMBL1644637,14.0
O=C(Cn1c(=O)ccc2nc(C(F)(F)F)ccc21)Nc1scc(Br)c1-c1ncn[nH]1,CHEMBL1822142,14.0
O=C(CN1C(=O)CCc2ncccc21)Nc1scc(Br)c1-c1ncn[nH]1,CHEMBL1822138,14.0
CNC(=O)CN1CCC(Nc2ncc(Cl)c(-c3c[nH]c4ccccc34)n2)CC1,CHEMBL245336,14.0
O=C(NC1COC1)c1cc(-n2ncc3cc(Nc4ccccc4Cl)c(F)cc32)cs1,CHEMBL4847784,14.0
O=C(Cn1c(=O)ccc2nc(C(F)(F)F)ccc21)Nc1scc(Br)c1-c1nnc[nH]1,50659446,14.0
O=C(Cn1c(=O)ccn2nc(C(F)(F)F)cc12)Nc1scc(Br)c1-c1nnc[nH]1,50659448,14.0
O=C(CN1C(=O)CCc2ncccc21)Nc1scc(Br)c1-c1nnc[nH]1,50659442,14.0
COC1CCC(C(=O)Nc2cc(-c3ccnc(Nc4ccc(F)cc4)c3)ccn2)CC1,CHEMBL202676,15.0
COc1ccc(Oc2cc(Nc3ccccc3C(N)=O)c(Cl)cn2)cc1,CHEMBL1923187,15.0
O=C(CN1C(=O)CCc2ncccc21)Nc1scc(Br)c1-c1nccs1,CHEMBL1822154,15.0
CC(C)NC(=O)NC1CCC(Nc2ncc3ccc(=O)n(C(C)C)c3n2)CC1,CHEMBL3577868,15.0
O=C(NCCCN1CCOCC1)c1cccc(-n2ncc3cc(Nc4ccccc4Cl)ccc32)c1,CHEMBL2376919,15.0
NC1CCC(Nc2ncc3nc(Nc4c(F)cc(F)cc4F)n(C4CCCC4)c3n2)CC1,CHEMBL1946647,16.0
OC1CCC(c2n[nH]cc2-c2ccnc(NC3CCCC3)n2)CC1,CHEMBL507249,16.0
Cc1ncn(-c2ccc(Nc3cc(-c4nocc4-c4cn[nH]c4C)ccn3)cc2)n1,CHEMBL3100085,16.0
O=c1n(C2CCOCC2)nc(-c2ccnc(NC3CCCCC3)c2)n1-c1ccc2ccccc2c1,CHEMBL1644639,16.0
OC1CCC(c2[nH]ncc2-c2ccnc(NC3CCCC3)n2)CC1,50456129,16.0
CCC(=O)Nc1cccc(C(=O)Nc2ccc(Nc3cc(-c4c(-c5ccc(F)cc5)nc(SC)n4C)ccn3)cc2)c1C,CHEMBL4066691,17.0
COc1ccc(Oc2cc(Nc3cc(OC)ccc3C(N)=O)c(C(F)(F)F)cn2)cc1,CHEMBL1923211,17.0
O=C(O)C=CSc1nc(-c2ccc(F)cc2)c(-c2ccnc(Nc3ccccc3)c2)[nH]1,CHEMBL3394125,17.0
COc1ccc(Nc2ncc3nc(Nc4ccccc4F)n(C4CCC(O)CC4)c3n2)cc1,CHEMBL1946340,17.0
Fc1ccc(Nc2cc(-c3ccnc(Nc4ccc(F)cc4)c3)ccn2)cc1,CHEMBL205672,17.0
O=C(Nc1cc(-c2ccnc(Nc3ccccc3)c2)ccn1)c1ccco1,CHEMBL380724,18.0
O=C(Cc1cccc2ncccc12)Nc1scc(Cl)c1-c1ncn[nH]1,CHEMBL1682020,18.0
CC(=O)Nc1cc(-c2c(-c3ccc(F)cc3)nc(SC=CC(=O)O)n2CC2CC2)ccn1,CHEMBL3394106,18.0
O=C(Cc1cccc2ncccc12)Nc1scc(Cl)c1-c1nnc[nH]1,50626256,18.0
Cn1cc(-c2conc2-c2ccnc(Nc3ccc(N4CCOCC4)cc3)c2)cn1,CHEMBL3099977,19.0
O=C(Cn1c(=O)ccc2ccc(OC(F)(F)F)cc21)Nc1scc(Br)c1-c1ncn[nH]1,CHEMBL1822150,19.0
O=C(Cn1c(=O)ccc2ccc(OC(F)(F)F)cc21)Nc1scc(Br)c1-c1nnc[nH]1,50659454,19.0
Cn1cc(-c2ccc3cnc(Nc4ccc(-n5cnc(N6CCOCC6)n5)cc4)nc3c2C2CC2)cn1,CHEMBL1761581,20.0
COCCC(=O)Nc1cc(-c2ccnc(Nc3ccccc3)c2)ccn1,CHEMBL379254,20.0
Cc1ncn(-c2ccc(Nc3ncc4cccc(-c5nccs5)c4n3)cc2)n1,CHEMBL1761569,20.0
Cc1cc(Nc2nc3ccccc3[nH]2)c2ccccc2c1Oc1ncccc1-c1ccnc(NC2CCCNC2)n1,CHEMBL3356002,20.0
Cn1cc(-c2cccc3cnc(Nc4ccc(-n5cnc(N6CCOCC6)n5)cc4)nc23)cn1,CHEMBL1761564,20.0
CNC(=O)c1cc(-n2ncc3cc(Nc4ccccc4Cl)c(OC)cc32)cs1,CHEMBL4853326,20.0
CN(C)CCNC(=O)c1cccc(-c2[nH]nc3cc(Nc4ccccc4Cl)ccc23)c1,CHEMBL198821,21.0
CCN(CC)CCn1cc(NC(=O)c2cccc(-n3cc(NC(=O)Nc4ccccc4Cl)cn3)c2)cn1,CHEMBL3355175,21.0
CN(C)CCNC(=O)c1cccc(-c2n[nH]c3cc(Nc4ccccc4Cl)ccc23)c1,50319424,21.0
O=c1n(CC2CCOCC2)nc(-c2ccnc(NC3CCCCC3)c2)n1-c1ccc2ccccc2c1,CHEMBL1644638,22.0
O=C(NCCCN1CCOCC1)c1cccc(-n2ncc3cc(Nc4ccccc4F)ccc32)c1,CHEMBL2376918,22.0
CCC(=O)Nc1cccc(C(=O)Nc2ccc(Nc3cc(-c4c(-c5ccc(F)cc5)nc(SC)n4C)ccn3)cc2)c1,CHEMBL4092482,23.0
O=C(Nc1cnn(-c2cccc(C(=O)Nc3cnn(CCN4CCCC4)c3)c2)c1)Nc1ccccc1Cl,CHEMBL3355176,23.0
O=C(Nc1cnn(-c2cccc(C(=O)Nc3cnn(C4CCNCC4)c3)c2)c1)Nc1ccccc1Cl,CHEMBL3355177,23.0
COc1cc(NC(=O)c2cccc(-n3cc(NC(=O)Nc4ccccc4Cl)cn3)c2)cc(OC)c1OC,200726,23.0
COC(=O)N1CCC(n2nc(-c3ccnc(NC4CCOCC4)c3)n(-c3ccc4ccccc4c3)c2=O)CC1,CHEMBL1644646,24.0
O=C(Cc1ccc(F)c2cnccc12)Nc1scc(Br)c1-c1ncn[nH]1,CHEMBL1822132,24.0
COc1ccc(Nc2ncc3nc(Nc4ccccc4F)n(C4CCC(C(N)=O)CC4)c3n2)cc1,CHEMBL1946495,24.0
COc1cc(NC(=O)c2cccc(-n3ncc4cc(Nc5ccccc5)ccc43)c2)cc(OC)c1OC,CHEMBL2376909,24.0
O=c1[nH]nc(-c2ccnc(NC3CCCCC3)c2)n1-c1ccc2ccccc2c1,CHEMBL1644618,24.0
Cc1ncn(-c2ccc(Nc3cc(-c4nocc4-c4cn[nH]c4)ccn3)cc2)n1,CHEMBL3099963,24.0
O=C(Nc1cnn(-c2csc(C(=O)NCC3CCOCC3)c2)c1)Nc1ccccc1Cl,CHEMBL4744992,24.0
CSc1nc(-c2ccc(F)cc2)c(-c2ccnc(Nc3ccc(N)cc3)c2)[nH]1,CHEMBL4074524,24.0
CNC(=O)c1cc(-n2ncc3cc(Nc4ccccc4Cl)cnc32)cs1,CHEMBL4851793,24.0
O=C(Cc1ccc(F)c2cnccc12)Nc1scc(Br)c1-c1nnc[nH]1,50659435,24.0
NC1CCC(Nc2ncc3nc(Nc4ccc(F)cc4F)n(C4CCCC4)c3n2)CC1,50715940,24.0
CCC(=O)Nc1ccc(C(=O)Nc2ccc(Nc3cc(-c4c(-c5ccc(F)cc5)nc(SC)n4C)ccn3)c(C)c2)cc1,CHEMBL4093282,25.0
Cc1csc(NC(=O)CN2C(=O)CCc3ccccc32)c1-c1ncn[nH]1,CHEMBL1614820,25.0
Cc1n[nH]c(-c2c(C)csc2NC(=O)CN2C(=O)CCc3ccccc32)n1,CHEMBL1682012,25.0
CC(=O)Nc1cc(-c2c(-c3ccc(F)cc3)nc(SC=CC(=O)O)n2CC2CCCCC2)ccn1,CHEMBL3394107,25.0
COc1cc(NC(=O)c2cccc(-n3cc(NC(=O)Nc4ccccc4)cn3)c2)cc(OC)c1OC,CHEMBL1233747,25.0
Cc1nnc(-c2c(C)csc2NC(=O)CN2C(=O)CCc3ccccc32)[nH]1,50626380,25.0
Cc1csc(NC(=O)CN2C(=O)CCc3ccccc32)c1-c1nnc[nH]1,50626381,25.0
Fc1ccc(-c2conc2-c2ccnc(Nc3ccc(N4CCOCC4)cc3)c2)cc1,CHEMBL3099965,26.0
c1ccc(-c2noc(CN3CCCCC3)c2-c2ccnc(NC3CCCCC3)n2)cc1,CHEMBL1080582,26.0
CCC(C)Nc1cc(-c2c(-c3ccc(F)cc3)nc(SC=CC(=O)O)n2CC(OC)OC)ccn1,CHEMBL3394121,26.0
CCC(=O)Nc1ccc(C(=O)Nc2ccc(Nc3cc(-c4c(-c5ccc(F)cc5)nc(SC)n4C)ccn3)cc2)cc1,CHEMBL4085536,27.0
CNc1onc(-c2ccnc(Nc3ccc(N4CCOCC4)cc3)c2)c1-c1ccc(F)cc1,CHEMBL3099972,27.0
CC(C)(C)Oc1ccc(Oc2cc(Nc3ccccc3C(N)=O)c(C(F)(F)F)cn2)cc1,CHEMBL1923194,27.0
CC(C)NC(=O)N1CCC(Nc2ncc3ccc(=O)n(C(C)C)c3n2)CC1,CHEMBL3577874,28.0
O=C(CN1C(=O)CCc2ccccc21)Nc1scc(Br)c1-c1ncn[nH]1,CHEMBL1682013,28.0
O=C(CN1C(=O)CCc2ccccc21)Nc1scc(Br)c1-c1nnc[nH]1,50626382,28.0
O=C(Nc1cnn(-c2cccc(C(=O)NC3CCNC3)c2)c1)Nc1ccccc1Cl,CHEMBL3355184,29.0
O=c1n(Cc2ccncc2)nc(-c2ccnc(NC3CCCCC3)c2)n1-c1ccc2ccccc2c1,CHEMBL1644642,29.0
COC(=O)c1c(-c2ccccc2)c2cc(Br)ccc2c(=O)n1Cc1ccc(S(C)(=O)=O)cc1,CHEMBL259060,30.0
Clc1ccccc1Nc1ccc2c(-c3ccccc3)[nH]nc2c1,CHEMBL440566,30.0
Cc1ccc(-c2cccc3cnc(Nc4ccc(-n5cnc(C)n5)cc4)nc23)cn1,CHEMBL1761571,30.0
CSc1nc(-c2ccc(F)cc2)c(-c2ccnc(Nc3ccc(NC(=O)c4cccc(N)c4)cc3)c2)n1C,CHEMBL4104351,30.0
O=C(Cc1cccc2ncc(F)cc12)Nc1scc(Br)c1-c1ncn[nH]1,CHEMBL1822133,30.0
Cc1ccc(-c2cccc3cnc(NC4CCC(C(=O)N5CCCC5)CC4)nc23)cn1,CHEMBL1761576,30.0
Cc1ccc(-c2cccc3cnc(Nc4ccc(-n5cnc(N6CCOCC6)n5)cc4)nc23)cn1,CHEMBL1761563,30.0
COc1ccc(Oc2cc(Nc3ccc(Cl)cc3C(N)=O)c(C(F)(F)F)cn2)cc1,CHEMBL1923208,30.0
COc1ccc(Oc2nccc(C(C#N)c3nc4ccccc4s3)n2)cc1,CHEMBL3947385,30.0
CNC(=O)c1cc(-n2ncc3cc(Oc4ccccc4Cl)ccc32)cs1,CHEMBL4864514,30.0
Clc1ccccc1Nc1ccc2c(-c3ccccc3)n[nH]c2c1,50319404,30.0
O=C(Cc1cccc2ncc(F)cc12)Nc1scc(Br)c1-c1nnc[nH]1,50659436,30.0
CNC(=O)CN1CCCC(Nc2ncc(Cl)c(-c3c[nH]c4ccccc34)n2)C1,CHEMBL392615,31.0
NC1CCC(Nc2ncc3nc(Nc4ccccc4F)n(C4CCCC4)c3n2)CC1,CHEMBL1946334,31.0
CC(C)N1CCC(NC(=O)c2cc(-n3ncc4cc(Nc5ccccc5Cl)ccc43)cs2)C1,CHEMBL4869300,31.0
CC(C)C(=O)NC1CCC(Nc2ncc3ccc(=O)n(C(C)C)c3n2)CC1,CHEMBL3577866,31.0
Fc1ccccc1Nc1cc(-c2ccnc(Nc3ccccc3F)c2)ccn1,CHEMBL203289,32.0
CCNC(=O)N1CCCC(Nc2ncc(Cl)c(-c3c[nH]c4ccccc34)n2)C1,CHEMBL392614,32.0
COC1CCC(C(=O)Nc2cc(-c3ccnc(Nc4ccccc4)c3)ccn2)CC1,CHEMBL203009,32.0
CC(C)CCNc1nccc(-c2cccnc2Oc2ccc(Nc3nc4ccccc4[nH]3)c3ccccc23)n1,CHEMBL3355994,32.0
Cc1onc(-c2ccnc(Nc3ccc(N4CCOCC4)cc3)c2)c1-c1ccc(F)cc1,CHEMBL3099968,32.0
Cc1cc(NC(=O)c2cccc(-n3ncc4cc(Nc5ccccc5Cl)ccc43)c2)ccc1N1CCOCC1,CHEMBL2376913,32.0
CN(C)c1ccc(-c2cnc3[nH]cc(-c4cn[nH]c4)c3c2)cc1,CHEMBL3393595,32.0
O=c1[nH]nc(-c2ccnc(NC3CCCOC3)c2)n1-c1ccc2ccccc2c1,CHEMBL1644619,32.0
O=C(O)c1ccc(-c2[nH]nc3cc(Nc4ccccc4Cl)ccc23)cc1,CHEMBL197698,32.0
O=C(O)c1ccc(-c2n[nH]c3cc(Nc4ccccc4Cl)ccc23)cc1,50319408,32.0
O=C(Cc1cccc2cnccc12)Nc1scc(Br)c1-c1ncn[nH]1,CHEMBL1682016,33.0
Cc1cnc(C(=O)Nc2cc(-c3ccnc(Nc4ccccc4)c3)ccn2)cn1,CHEMBL205402,33.0
O=C(NCCCN1CCOCC1)c1ccc(-n2ncc3cc(Nc4ccccc4Cl)ccc32)cc1,CHEMBL2376906,33.0
O=C(Nc1cnn(-c2csc(C(=O)NC3COC3)c2)c1)Nc1c(F)cccc1Cl,CHEMBL4778645,33.0
COC(Cn1c(SC=CC(=O)O)nc(-c2ccc(F)cc2)c1-c1ccnc(NC(C)=O)c1)OC,CHEMBL3394101,33.0
O=C(Cc1cccc2cnccc12)Nc1scc(Br)c1-c1nnc[nH]1,50626252,33.0
O=C(Cc1cccc2ncccc12)Nc1scc(Br)c1-c1ncn[nH]1,CHEMBL1682019,34.0
O=C(Nc1cnn(-c2cccc(C(=O)NC3CNC3)c2)c1)Nc1ccccc1Cl,CHEMBL3355183,34.0
NC(=O)c1ccccc1Nc1cc(Oc2ccc(N3CCNCC3)cc2)ncc1C(F)(F)F,CHEMBL1923203,34.0
CN(C)CCn1cc(NC(=O)c2cccc(-n3cc(NC(=O)Nc4ccccc4Cl)cn3)c2)cn1,CHEMBL3352845,34.0
O=C(Cc1cccc2ncccc12)Nc1scc(Br)c1-c1nnc[nH]1,50626255,34.0
NC(=O)c1ccccc1Nc1cc(Oc2ccc(OC(F)(F)F)cc2)ncc1C(F)(F)F,CHEMBL1923191,35.0
O=C(NCCO)c1cccc(-n2ncc3cc(Nc4ccccc4Cl)ccc32)c1,CHEMBL2376922,35.0
O=C(Nc1cnn(-c2csc(C(=O)NC3COC3)c2)c1)Nc1ccccc1Cl,CHEMBL4753641,35.0
CC(=O)Nc1cc(-c2c(-c3ccc(F)cc3)nc(SC=CC(=O)O)n2CC2CCCO2)ccn1,CHEMBL3394108,35.0
O=c1n(C2CCN(CC(F)(F)F)CC2)nc(-c2ccnc(NC3CCOCC3)c2)n1-c1ccc2ccccc2c1,CHEMBL1644645,36.0
COc1ccc(Oc2cc(Nc3ccccc3C(N)=O)c(C(F)(F)F)cn2)cc1,CHEMBL1923188,37.0
CCNC(=O)NC1CCC(Nc2ncc3ccc(=O)n(C(C)C)c3n2)CC1,CHEMBL3577871,37.0
CCOc1nc(C(=O)NCc2ccccc2S(N)(=O)=O)cc(N)c1C#N,CHEMBL377408,37.0
COc1cc(-n2ccc(CNc3ccc(Cl)cc3)cc2=O)ccc1OCC(C)(C)O,222129,37.8
Cc1cc(NC(=O)c2cccc(-n3ncc4cc(Nc5ccccc5F)ccc43)c2)ccc1N1CCOCC1,CHEMBL2376914,38.0
Cc1ccc(NC(=O)c2cccc(-n3cc(NC(=O)Nc4ccccc4Cl)cn3)c2)cn1,CHEMBL3355146,38.0
CN1CCC(NC(=O)c2cc(-n3cc(NC(=O)Nc4ccccc4Cl)cn3)cs2)C1,CHEMBL4754584,39.0
O=C(NCCN1CCN(C2CCC2)CC1)c1cccc(-n2ncc3cc(Nc4ccccc4Cl)ccc32)c1,CHEMBL3393598,40.0
Cn1cc(-c2ccc3cnc(Nc4ccc(-n5cnc(N6CCOCC6)n5)cc4)nc3c2Cl)cn1,CHEMBL1761577,40.0
O=c1[nH]nc(-c2ccnc(Nc3ccccn3)c2)n1-c1ccc2ccccc2c1,CHEMBL1644625,40.0
Cc1cccc(Nc2ccc3c(cnn3-c3cccc(C(=O)NCCN4CCN(C5CCC5)CC4)c3)c2)c1Cl,CHEMBL2376926,40.0
O=C1NC(=Nc2ccccc2Cl)SC1=C1C(=O)Nc2ccc(F)cc21,CHEMBL4470981,40.0
N#CC(=C1Nc2ccccc2S1)c1ccnc(NCCc2ccc(S(N)(=O)=O)cc2)n1,CHEMBL363355,41.0
O=C(Cc1cc(F)cc2ncccc12)Nc1scc(Br)c1-c1ncn[nH]1,CHEMBL1822134,41.0
O=C(Cc1cc(F)cc2ncccc12)Nc1scc(Br)c1-c1nnc[nH]1,50659437,41.0
N#CC(c1ccnc(NCCc2ccc(S(N)(=O)=O)cc2)n1)c1nc2ccccc2s1,50383522,41.0
COc1ccccc1Nc1ccc2c(cnn2-c2cccc(C(=O)NCCCN3CCOCC3)c2)c1,CHEMBL2376917,43.0
CC(=O)N1CCC(C(=O)Nc2cc(-c3ccnc(Nc4ccccc4)c3)ccn2)CC1,CHEMBL204757,44.0
COc1ccc(Oc2cc(Nc3ccc(F)cc3C(N)=O)c(C(F)(F)F)cn2)cc1,CHEMBL1923207,45.0
CC1(NC(=O)c2cc(-n3cc(NC(=O)Nc4ccccc4Cl)cn3)cs2)COC1,CHEMBL4758113,45.0
CC(=O)Nc1cc(-c2c(-c3ccc(F)cc3)nc(SC=CC(=O)O)n2C2CCCC2)ccn1,CHEMBL3394104,45.0
CCOc1ccc(NC(=O)c2cccc(-n3ncc4cc(Nc5ccccc5F)ccc43)c2)cc1OC,CHEMBL2376911,46.0
CC(=O)Nc1cc(-c2c(-c3ccc(F)cc3)nc(SC=CC(=O)O)n2C2CCC2)ccn1,CHEMBL3394103,47.0
CC1CCN(C(=O)N2CCC(Nc3ncc(Cl)c(-c4c[nH]c5ccccc45)n3)CC2)CC1,CHEMBL245733,48.0
NC(=O)c1ccccc1Nc1cc(Oc2ccc3c(c2)OCO3)ncc1C(F)(F)F,CHEMBL1923201,48.0
COc1ccc(Oc2cc(Nc3ccccc3C(N)=O)c(F)cn2)cc1,CHEMBL1923186,48.0
c1ccc(Nc2ccc3c(-c4ccccc4)n[nH]c3c2)cc1,CHEMBL383177,48.0
COc1ccc(Oc2cc(Nc3cc(F)ccc3C(N)=O)c(C(F)(F)F)cn2)cc1,CHEMBL1923209,49.0
Fc1ccccc1Nc1nc2cnc(NC3CCCCC3)nc2n1C1CCCC1,CHEMBL1946332,50.0
O=C(Nc1cnn(-c2csc(C(=O)NC3CCOCC3)c2)c1)Nc1ccccc1Cl,CHEMBL4762965,50.0
c1cc(-n2cnc(N3CCOCC3)n2)ccc1Nc1ncc2ccc(-c3cn[nH]c3)cc2n1,CHEMBL1761555,50.0
Cc1ccc(-c2ncn(-c3ccc(Nc4ncc5ccc(-c6cn[nH]c6)cc5n4)cc3)n2)cn1,CHEMBL1761561,50.0
Cc1ccc(-c2cccc3cnc(NC4CCC(O)CC4)nc23)cn1,CHEMBL1761575,50.0
CN1CCN(CCNC(=O)c2cccc(-n3ncc4cc(Nc5c(Cl)cccc5Cl)ccc43)c2)CC1,CHEMBL2376925,50.0
O=C(Nc1cnn(-c2csc(C(=O)NC3CNC3)c2)c1)Nc1ccccc1Cl,CHEMBL4783382,50.0
COc1cc2c(cc1Cl)C(c1ccc(Cl)c(Cl)c1)=NCC2,CHEMBL1087421,50.12
O=C(Cc1cccc2ncc(C(F)(F)F)cc12)Nc1scc(Br)c1-c1ncn[nH]1,CHEMBL1822135,52.0
Cc1ncn(-c2ccc(Nc3cc(-c4nocc4-c4cnn(C)c4)ccn3)cc2)n1,CHEMBL3100084,52.0
O=C(Nc1ccc2[nH]nc(-c3cc4ccccc4s3)c2c1)C1CCOC1,50383511,52.0
O=C(Cc1cccc2ncc(C(F)(F)F)cc12)Nc1scc(Br)c1-c1nnc[nH]1,50659438,52.0
S=c1[nH]nc(-c2ccnc(NC3CCCCC3)c2)n1-c1ccc2ccccc2c1,CHEMBL1784650,52.2
Cc1sc(C(=O)NC2CCOC2)cc1-n1cc(NC(=O)Nc2c(F)cccc2Cl)cn1,CHEMBL4749547,53.0
O=C(Nc1cnn(-c2csc(C(=O)NC3COC3)c2)c1)Nc1ccc(F)cc1Cl,CHEMBL4754908,53.0
CCNC(=O)N1CCC(Nc2ncc3ccc(=O)n(C(C)C)c3n2)CC1,CHEMBL3577873,54.0
O=c1[nH]nc(-c2ccnc(NC3CCOCC3)c2)n1-c1ccc2cccc(F)c2c1,CHEMBL1644635,54.0
O=C(NCCN1CCOCC1)c1cccc(-n2ncc3cc(Nc4ccccc4Cl)ccc32)c1,CHEMBL2376915,54.0
O=c1n(Cc2ccccn2)nc(-c2ccnc(NC3CCOCC3)c2)n1-c1ccc2ccccc2c1,CHEMBL1644615,54.0
O=C(O)C=CSc1nc(-c2ccc(F)cc2)c(-c2ccnc(Nc3ccccc3)c2)n1CC1CC1,CHEMBL3394123,54.0
CC(=O)Nc1cc(-c2c(-c3ccc(F)cc3)nc(SC=CC(=O)O)n2C)ccn1,CHEMBL3394100,55.0
Cc1cncc(NC(=O)c2cccc(-n3cc(NC(=O)Nc4ccccc4Cl)cn3)c2)c1,200729,55.0
CCNC(=O)N1CCC(Nc2ncc(Cl)c(-c3c[nH]c4ccccc34)n2)CC1,CHEMBL248176,57.0
CC(C)n1c(=O)ccc2cnc(NC3CCC(O)CC3)nc21,CHEMBL3577855,58.0
COc1cc(NC(=O)c2cccc(-n3ncc4cc(Nc5ccccc5C)ccc43)c2)cc(OC)c1OC,CHEMBL2376912,59.0
O=C(NCCCN1CCCC1=O)c1cnccc1Nc1nc(-c2cc(Br)ccc2F)nc2nccnc12,CHEMBL234655,59.0
COc1ccc(Oc2cc(Nc3c(F)cccc3C(N)=O)c(C(F)(F)F)cn2)cc1,CHEMBL1923212,60.0
N#CC(c1ccnc(OCc2ccccc2)n1)c1nc2ccccc2s1,CHEMBL3899711,60.0
Cc1ccc(-c2cccc3cnc(Nc4ccc5c(c4)OCO5)nc23)cn1,CHEMBL1761572,60.0
Cc1cccc(NC(=O)c2ccc(Br)o2)c1N1CCC2(CC1)OCCO2,CHEMBL1783587,60.0
c1ccc(-c2cccc3cnc(Nc4ccc(-n5cnc(N6CCOCC6)n5)cc4)nc23)cc1,CHEMBL1761567,60.0
Cn1cc(-c2ccc3cnc(Nc4ccc(-n5cnc(-c6ccccn6)n5)cc4)nc3c2)cn1,CHEMBL1761562,60.0
CCOc1nc(C(=O)NCc2ccc(S(C)(=O)=O)cc2)cc(N)c1C#N,CHEMBL424872,60.0
O=c1[nH]nc(-c2ccnc(Nc3ccccc3)c2)n1-c1ccc2ccccc2c1,CHEMBL1644624,61.0
CNC(=O)c1ccccc1Nc1cc(Nc2ccc(N3CCOCC3)cc2)ncc1C(F)(F)F,CHEMBL3220469,61.0
CCNC(=O)N1CCC(Nc2cc(-c3c(-c4ccc(F)cc4)nc(SC=CC(=O)O)n3C)ccn2)CC1,CHEMBL3394122,61.0
COc1ccc(COCC2CCc3nc(-c4ccc(F)cc4)c(-c4ccnc(N)n4)n32)cc1,CHEMBL372082,61.2
COC(=O)c1c(C)csc1NC(=O)Cc1cccc2cnccc12,CHEMBL1681791,62.0
Cc1ncc(NC(=O)c2cccc(-n3cc(NC(=O)Nc4ccccc4Cl)cn3)c2)cn1,CHEMBL3355167,62.0
COc1ccc(Nc2ncc3nc(Nc4ccccc4F)n(C4CCOCC4)c3n2)cc1,CHEMBL1946341,63.0
NC(=O)c1cccc(-n2ncc3cc(Nc4ccccc4F)ccc32)c1,CHEMBL2376924,63.0
CC(C)n1cc(-c2ccc3cnc(Nc4ccc(-n5cnc(N6CCOCC6)n5)cc4)nc3c2Cl)cn1,CHEMBL1761578,63.0
CC(O)CNc1nccc(-n2c(CC#N)cnc2-c2ccc3ccccc3c2)n1,784813,65.0
CC(O)CNc1nccc(-n2c(CC#N)cnc2-c2ccc3ccccc3n2)n1,784812,65.0
CC(O)CNc1nccc(-n2c(CC#N)cnc2-c2ccc3c(c2)OCCO3)n1,784811,65.0
CC(O)CNc1nccc(-n2c(CC#N)cnc2-c2ccc(Cl)c(Cl)c2)n1,784814,65.0
CC(O)CNc1nccc(-n2c(CC#N)cnc2-c2ccc(F)c(C(F)(F)F)c2)n1,784815,65.0
N#CCc1cnc(-c2ccc3c(c2)OCCO3)n1-c1ccnc(NC2CCCNC2)n1,784817,65.0
N#CCc1cnc(-c2ccc3ccccc3n2)n1-c1ccnc(NC2CCCNC2)n1,784818,65.0
N#CCc1cnc(-c2ccc(Cl)c(Cl)c2)n1-c1ccnc(NC2CCCNC2)n1,784820,65.0
N#CCc1cnc(-c2ccc(F)c(C(F)(F)F)c2)n1-c1ccnc(NC2CCCNC2)n1,784821,65.0
N#CCc1cnc(-c2ccc3c(c2)OCO3)n1-c1ccnc(NC2CCCN(C(=O)C3CC3)C2)n1,784822,65.0
N#CCc1cnc(-c2ccc3c(c2)OCCO3)n1-c1ccnc(NC2CCCN(C(=O)C3CC3)C2)n1,784823,65.0
N#CCc1cnc(-c2ccc(Cl)c(Cl)c2)n1-c1ccnc(NC2CCCN(C(=O)C3CC3)C2)n1,784826,65.0
N#CCc1cnc(-c2ccc(F)c(C(F)(F)F)c2)n1-c1ccnc(NC2CCCN(C(=O)C3CC3)C2)n1,784827,65.0
N#CCc1cnc(-c2ccc3c(c2)OCO3)n1-c1ccnc(NC2CCOCC2)n1,784798,65.0
N#CCc1cnc(-c2ccc3ccccc3n2)n1-c1ccnc(NC2CCOCC2)n1,784800,65.0
N#CCc1cnc(-c2ccc(Cl)c(Cl)c2)n1-c1ccnc(NC2CCOCC2)n1,784802,65.0
N#CCc1cnc(-c2ccc(F)c(C(F)(F)F)c2)n1-c1ccnc(NC2CCOCC2)n1,784803,65.0
N#CCc1cnc(-c2ccc3ccccc3c2)n1-c1ccnc(NC2CCCCC2)n1,784807,65.0
N#CCc1cnc(-c2ccc(Cl)c(Cl)c2)n1-c1ccnc(NC2CCCCC2)n1,784808,65.0
CC(O)CNc1nccc(-n2c(CC#N)cnc2-c2ccc3c(c2)OCO3)n1,784810,65.0
Cc1sc(C(=O)NC2COC2)cc1-n1cc(NC(=O)Nc2c(F)cccc2Cl)cn1,CHEMBL4784092,67.0
CNC(=O)c1ccccc1Nc1cc(Nc2ccc(N3CCOCC3)cc2OC)ncc1Br,CHEMBL3220467,68.0
O=C(NC(c1ccccn1)C1CC1)c1ccc2[nH]nc(-c3ccc(N4C5CCC4CC(O)C5)cc3)c2c1,50329723,68.0
Clc1cnc(Nc2ccc(N3CCOCC3)cc2)cc1-c1cc[nH]n1,CHEMBL1771661,70.0
COc1cccc(Oc2cc(Nc3ccccc3C(N)=O)c(C(F)(F)F)cn2)c1,CHEMBL1923189,70.0
N#CC(c1ccnc(NCCc2c[nH]cn2)n1)c1nc2ccccc2s1,CHEMBL254651,70.0
COc1ccc(-c2cccc3cnc(Nc4ccc(-n5cnc(N6CCOCC6)n5)cc4)nc23)cc1F,CHEMBL1761565,70.0
N#CC(=C1Nc2ccccc2S1)c1ccnc(NCCc2cccnc2)n1,CHEMBL191384,70.0
O=c1[nH]nc(-c2ccnc(NC3CCOCC3)c2)n1-c1ccc2cc(F)ccc2c1,CHEMBL1644632,70.0
Fc1ccc(-c2c(-c3ccnc(Nc4ccc(N5CCOCC5)cc4)c3)noc2C2CC2)cc1,CHEMBL3099967,70.0
N#CC(c1ccnc(NC2Cc3c[nH]c2n3)n1)c1nc2ccccc2s1,CHEMBL3909478,70.0
O=c1[nH]nc(-c2ccnc(NC3CCC3)c2)n1-c1ccc2ccccc2c1,CHEMBL1644622,70.0
NC(=O)c1ccccc1Nc1ccnc(Oc2ccc(N3CCNCC3)cc2)c1,CHEMBL1923185,70.0
N#CC(=C1Nc2ccccc2S1)c1ccnc(NCCc2cccnc2)n1.O=C(O)C(F)(F)F.O=C(O)C(F)(F)F,CHEMBL1788116,70.0
N#CC(c1ccnc(NCCc2cccnc2)n1)c1nc2ccccc2s1,188581,70.0
N#CC(c1ccnc(NCCc2cnc[nH]2)n1)c1nc2ccccc2s1,50383515,70.0
O=C(Cn1c(=O)ccc2c(C(F)(F)F)cccc21)Nc1scc(Br)c1-c1ncn[nH]1,CHEMBL1822148,71.0
Cc1ccc(NC(=O)c2cc(-n3cc(NC(=O)Nc4ccccc4Cl)cn3)ccc2F)cn1,CHEMBL3355158,71.0
O=C(Nc1cnn(-c2csc(C(=O)NCC3CCOC3)c2)c1)Nc1ccccc1Cl,CHEMBL4755895,71.0
O=C(Cn1c(=O)ccc2c(C(F)(F)F)cccc21)Nc1scc(Br)c1-c1nnc[nH]1,50659452,71.0
NC(=O)c1ccccc1Nc1cc(Oc2ccc(-c3cccnc3)cc2)ncc1C(F)(F)F,CHEMBL1923204,72.0
CNC1CC2OC(C)(C1OC)n1c3ccccc3c3c4c(c5c6ccccc6n2c5c31)C(=O)NC4,51422453,73.0
c1cc(-c2nocc2C2CC2)cc(Nc2ccc(N3CCOCC3)cc2)n1,CHEMBL3100083,74.0
O=C(Cc1cccc2cnccc12)Nc1scnc1-c1cscn1,CHEMBL1288160,77.0
O=C(NCCN1CCOCC1)c1cccc(-n2ncc3cc(Nc4c(Cl)cccc4Cl)ccc32)c1,CHEMBL2376916,77.0
COc1ccc(Oc2cc(Nc3cc(Cl)ccc3C(N)=O)c(C(F)(F)F)cn2)cc1,CHEMBL1923210,78.0
N#Cc1cc(-c2ccnc(Nc3ccc(-n4cnc(-c5ccccn5)n4)cc3)n2)cc(N2CCOCC2)c1,CHEMBL584899,79.0
COC(Cn1c(SCC#N)nc(-c2ccc(F)cc2)c1-c1ccnc(NC2CC2)c1)OC,CHEMBL3394119,79.0
Cc1ncn(-c2ccc(Nc3nccc(-c4cc(C#N)cc(N5CCOCC5)c4)n3)cc2)n1,CHEMBL570554,79.0
Cc1nc2c(cnn2-c2csc(C(=O)NC3COC3)c2)cc1Nc1ccc(F)cc1Cl,CHEMBL4854405,79.0
CC(=O)Nc1cc(-c2c(-c3ccc(F)cc3)nc(SC3CCC(C(=O)O)CC3O)n2C2CCCCC2)ccn1,CHEMBL3394110,79.0
Cc1n[nH]c(-c2c(C)csc2NC(=O)Cc2cccc3ncccc23)n1,CHEMBL1682010,80.0
Cc1cccc(NC(=O)c2ccc(Cl)o2)c1N1CCC2(CC1)OCCO2,CHEMBL1783588,80.0
Cc1ccc(NC(=O)c2ccc(F)c(-n3cc(NC(=O)Nc4ccccc4Cl)cn3)c2)cn1,CHEMBL3355156,80.0
O=C(NCCN1CCOCC1)c1cccc(-n2ncc3cc(Nc4ccccc4Cl)ncc32)c1,CHEMBL2376931,80.0
COc1ccc(-c2cccc3cnc(Nc4ccc(-n5cnc(C)n5)cc4)nc23)cc1F,CHEMBL1761568,80.0
NC(=O)c1ccccc1Nc1cc(Oc2ccc(-n3cncn3)cc2)ncc1C(F)(F)F,CHEMBL1923202,80.0
O=C(Nc1cnn(-c2csc(C(=O)NC3CC3)c2)c1)Nc1ccccc1Cl,CHEMBL4793809,80.0
CCOC(=O)C=CSc1nc(-c2ccc(F)cc2)c(-c2ccnc(Nc3ccccc3)c2)[nH]1,CHEMBL3394126,80.0
Cc1nnc(-c2c(C)csc2NC(=O)Cc2cccc3ncccc23)[nH]1,50626378,80.0
CC(C)n1c(=O)ccc2cnc(NC3CCC(NC(=O)NC4CCCC4)CC3)nc21,CHEMBL3577869,81.0
CCOC(=O)N1CCC(Nc2ncc(Cl)c(-c3c[nH]c4ccccc34)n2)CC1,CHEMBL245533,82.0
CC(=O)Nc1cc(-c2c(-c3ccc(F)cc3)nc(SC=CC(=O)O)n2C2CC2)ccn1,CHEMBL3394102,82.0
CNC(=O)c1ccccc1Nc1cc(Nc2ccc(N3CCOCC3)cc2OC)ncc1Cl,CHEMBL3220466,83.0
[H]C([H])([H])N1CCC(NC(=O)c2cc(-n3cc(NC(=O)Nc4ccccc4Cl)cn3)cs2)C1,CHEMBL4799926,83.0
CN1CCC(NC(=O)c2cc(-n3cc(NC(=O)Nc4ccccc4Cl)cn3)cs2)CC1,CHEMBL4759538,84.0
c1cncc(-c2ncn(-c3ccc(Nc4nccc(-c5cccc(N6CCOCC6)c5)n4)cc3)n2)c1,CHEMBL571023,85.0
O=c1[nH]nc(-c2ccnc(NC3CCOCC3)c2)n1-c1ccc2ccccc2c1,CHEMBL1644620,85.0
Cn1cc(-c2c[nH]c3ncc(C4CCC(N5CCOCC5)CC4)cc23)cn1,CHEMBL3393596,85.0
CN1CCCC1CNC(=O)c1cc(-n2cc(NC(=O)Nc3ccccc3Cl)cn2)cs1,CHEMBL4798047,85.0
Oc1c2ccccc2c2c3c(cccc13)N=N2,CHEMBL1725279,90.0
COc1ccc(-c2cccc3cnc(Nc4ccc(-n5cnc(-c6ccccn6)n5)cc4)nc23)cc1F,CHEMBL1761570,90.0
c1ccc2c(c1)Cc1cccc3[nH]nc-2c13,CHEMBL4462592,90.0
O=C1c2ccccc2-c2n[nH]c3cccc1c23,CHEMBL7064,90.0
Cn1cc(-c2ccc3cnc(Nc4ccc(-n5cnc(N6CCOCC6)n5)cc4)nc3c2)cn1,CHEMBL1761554,90.0
Cc1ccc(-c2cccc3cnc(Nc4ccc(C(=O)N5CCOCC5)cc4)nc23)cn1,CHEMBL1761574,90.0
CC(=O)Nc1cc(-c2c(-c3ccc(F)cc3)nc(SCCC(=O)O)n2C)ccn1,CHEMBL3394098,91.0
O=c1n(C2CCOC2)nc(-c2ccnc(NC3CCOCC3)c2)n1-c1ccc2ccccc2c1,CHEMBL1644640,92.0
Nc1cccc2ccc(-n3c(-c4ccnc(NC5CCOCC5)c4)n[nH]c3=O)cc12,CHEMBL1644636,94.0
COc1ccc(Nc2ncc3nc(Nc4ccccc4F)n(C(C)C)c3n2)cc1,CHEMBL1946336,96.0
Cc1cc(NC(=O)c2cccc(-n3cc(NC(=O)Nc4ccccc4Cl)cn3)c2)ccn1,CHEMBL3355165,98.0
COC(=O)c1c(C)csc1NC(=O)Cc1ccc(OCCCN2CCCCC2)cc1,CHEMBL1682000,99.0
NC(=O)c1ccccc1Nc1cc(Oc2ccc(Cl)c(Cl)c2)ncc1C(F)(F)F,CHEMBL1921815,100.0
Fc1cnc(Nc2ccc(N3CCOCC3)cc2)cc1-c1ccn(Cc2ccccc2)n1,CHEMBL1771711,100.0
O=C(Nc1cnn(-c2cccc(C(=O)NCCCN3CCCC3)c2)c1)Nc1ccccc1Cl,CHEMBL3355180,100.0
O=c1n(-c2ccccn2)nc(-c2ccnc(NC3CCOCC3)c2)n1-c1ccc2ccccc2c1,CHEMBL1644641,100.0
COc1cc(N2CCN(C(C)C)CC2)ccc1Nc1nc(Nc2cccc(F)c2C(N)=O)c2cc[nH]c2n1,CHEMBL507625,100.0
COc1ccc(Oc2cc(Nc3ccccc3C(N)=O)c(C(F)(F)F)cn2)c(Cl)c1,CHEMBL1923198,100.0
O=C(NC1COC1)c1cc(-n2ncc3nc(Nc4ccccc4Cl)ccc32)cs1,CHEMBL4853789,100.0
CS(=O)(=O)NC1CCC(Nc2nccc(-n3ccc4c(OCC5CCS(=O)(=O)C5)cccc43)n2)CC1,51195194,104.0
COc1nccc(C(C#N)c2nc3ccccc3s2)n1,CHEMBL3947134,105.0
Nc1ccccc1Nc1cc(-c2ccnc(Nc3ccccc3N)c2)ccn1,CHEMBL203792,108.0
Cc1nc(C)n(-c2ccc(Nc3cc(-c4nn(C)cc4-c4cccnc4)ccn3)cc2)n1,CHEMBL1771719,110.0
CN1CCN(CCNC(=O)c2cncc(-n3ncc4cc(Nc5c(Cl)cccc5Cl)ccc43)c2)CC1,CHEMBL2376929,110.0
CC(C)Nc1ncc2nc(Nc3ccccc3F)n(C3CCCC3)c2n1,CHEMBL1946331,110.0
CCOc1ccc(Oc2cc(Nc3ccccc3C(N)=O)c(C(F)(F)F)cn2)cc1,CHEMBL1923192,110.0
COC(=O)c1c(C)csc1NC(=O)Cc1cccc2ncccc12,CHEMBL1682004,110.0
CC#Cc1ccc(C(=O)Nc2cccc(C)c2N2CCC3(CC2)OCCO3)o1,CHEMBL1783594,110.0
CS(=O)(=O)NC1CCC(Nc2nccc(-n3nnc4ccccc43)n2)CC1,CHEMBL2425655,114.0
CC(C)n1cc(NC(=O)c2cccc(-n3cc(NC(=O)Nc4ccccc4Cl)cn3)c2)cn1,CHEMBL3355174,114.0
Cc1ccc(NC(=O)c2cccc(-n3cc(NC(=O)Nc4ccccc4)cn3)c2)cn1,CHEMBL3355145,115.0
Cc1nn(C)cc1NC(=O)c1cccc(-n2cc(NC(=O)Nc3ccccc3Cl)cn2)c1,CHEMBL3355172,116.0
CNC(=O)c1cc(-n2cc(NC(=O)Nc3ccccc3Cl)cn2)cs1,CHEMBL4757583,118.0
CN(C)CC(=O)N1CCC(Nc2ncc(Cl)c(-c3c[nH]c4ccccc34)n2)CC1,CHEMBL245732,120.0
O=C(Nc1cc(-c2n[nH]c(=O)n2-c2ccc3ccccc3c2)ccn1)C1CC1,CHEMBL1644630,120.0
CS(=O)(=O)Nc1ccc(-c2cnc3cccc(Nc4ccc(Cl)cn4)c3c2)cc1,CHEMBL248983,120.0
O=C(NCCN1CCOCC1)c1ccnc(-n2ncc3cc(Nc4ccccc4Cl)ccc32)c1,CHEMBL2376930,120.0
Cc1cccc(NC(=O)c2cccc(-n3ncc4cc(Nc5ccccc5F)ccc43)c2)c1,CHEMBL2376920,120.0
CCOc1nc(C(=O)NCc2ccc(S(C)(=O)=O)cc2)cc(N)c1Cl,CHEMBL377383,120.0
COC(=O)c1c(C)csc1NC(=O)CN1C(=O)CCc2ccccc21,CHEMBL1682005,125.0
COc1cc2c(cc1Cl)C(c1cccc(Cl)c1)=NCC2,CHEMBL1088633,125.89
N#Cc1onc(-c2ccnc(Nc3ccc(N4CCOCC4)cc3)c2)c1-c1ccc(F)cc1,CHEMBL3099969,126.0
Cn1cc(-c2c[nH]c3ncc(C4CCC(N5CCCOCC5)CC4)cc23)cn1,CHEMBL3393597,129.0
Cn1ccc(-c2cc(Nc3ccc(N4CCOCC4)cc3)ncc2Cl)n1,CHEMBL1771662,130.0
O=C(NCCCn1cnc(-c2ccc(F)cc2)c1-c1ccncc1)c1ccccc1,CHEMBL199247,130.0
Cc1cc(NC(=O)c2cccc(-n3cc(NC(=O)Nc4ccccc4Cl)cn3)c2)cc(C)n1,CHEMBL3355166,130.0
O=c1[nH]nc(-c2ccnc(NC3CCCC3)c2)n1-c1ccc2ccccc2c1,CHEMBL1644621,130.0
O=c1[nH]nc(-c2ccnc(NC3CC3)c2)n1-c1ccc2ccccc2c1,CHEMBL1644623,130.0
COc1ccc(Nc2ncc3nc(Nc4c(F)cccc4F)n(C4CCCC4)c3n2)cc1,CHEMBL1946328,130.0
COc1cc(Nc2cc(Nc3ccccc3C(N)=O)ccn2)ccc1N1CCOCC1,CHEMBL3220483,132.0
O=C(Nc1cnn(-c2csc(C(=O)NC3CCNC3)c2)c1)Nc1ccccc1Cl,CHEMBL4758690,132.0
CN1CCN(c2ncn(-c3ccc(Nc4nccc(-c5cc(F)cc(N6CCOCC6)c5)n4)cc3)n2)CC1,CHEMBL568116,133.0
Cn1cc(NC(=O)c2cccc(-n3cc(NC(=O)Nc4ccccc4Cl)cn3)c2)cn1,CHEMBL3355169,133.0
CC(=O)Nc1cc(-c2c(-c3ccc(F)cc3)nc(SC=CC(=O)O)n2C2CCCCC2)ccn1,CHEMBL3394105,133.0
Fc1ccc(-c2c(-c3ccnc(Nc4ccc(N5CCOCC5)cc4)c3)noc2NCc2ccccc2)cc1,CHEMBL3099973,134.0
COc1cc(-n2ccc(-c3ccc(OC(F)(F)F)cc3)cc2=O)ccc1OCCO,222130,135.5
CCN(CC)CCNC(=O)c1cccc(-n2cc(NC(=O)Nc3ccccc3Cl)cn2)c1,CHEMBL3355179,137.0
Cc1ccc(NC(=O)c2cccc(-n3cc(NC(=O)Nc4cccc(F)c4)cn3)c2)cn1,CHEMBL3355150,139.0
COc1ccc(Oc2cc(Nc3ccccc3-c3nc[nH]n3)c(Cl)cn2)cc1,CHEMBL1923216,140.0
COc1ccc(Nc2ncc3nc(Nc4ccc(F)cc4F)n(C4CCCC4)c3n2)cc1,CHEMBL1946327,140.0
Cn1nnc(-c2ccc(Nc3nccc(-c4cc(C#N)cc(N5CCOCC5)c4)n3)cc2)n1,CHEMBL571434,140.0
CS(=O)(=O)Nc1ccc(-c2cnc3cccc(Nc4ccc(F)cn4)c3c2)cc1,CHEMBL248984,140.0
CCCOc1ccc(Oc2cc(Nc3ccccc3C(N)=O)c(C(F)(F)F)cn2)cc1,CHEMBL1923193,140.0
COc1ccc(Oc2cc(Nc3ccccc3-c3nnc[nH]3)c(Cl)cn2)cc1,50704570,140.0
Cc1ccc(NC(=O)c2cccc(-n3cc(NC(=O)Nc4ccccc4Cl)cn3)c2)c(C)n1,CHEMBL3355162,141.0
Cc1ncccc1NC(=O)c1cccc(-n2cc(NC(=O)Nc3ccccc3Cl)cn2)c1,CHEMBL3355161,141.0
CN1CCC(CNC(=O)c2cc(-n3cc(NC(=O)Nc4ccccc4Cl)cn3)cs2)CC1,CHEMBL4754031,142.0
Cc1csc(NC(=O)Cc2cccc3ncccc23)c1-c1ncn[nH]1,CHEMBL1682011,143.0
Cc1csc(NC(=O)Cc2cccc3ncccc23)c1-c1nnc[nH]1,50626379,143.0
Cc1ccc(C(=O)Nc2cccc(C(F)(F)F)c2)cc1-c1ccc2nc(NCCN3CCOCC3)ncc2c1,CHEMBL215943,145.0
COc1cc(-n2ccc(SCc3ccc(Cl)cc3)cc2=O)ccc1OCC(C)(C)O,222132,147.4
Fc1cc(-c2cc[nH]c(=Nc3ccc(-n4cnc(N5CCOCC5)n4)cc3)n2)cc(N2CCOCC2)c1,CHEMBL585951,148.0
Fc1cc(-c2ccnc(Nc3ccc(-n4cnc(N5CCOCC5)n4)cc3)n2)cc(N2CCOCC2)c1,50906371,148.0
CCC(=O)Nc1cccc(C(=O)Nc2ccc(Nc3nccc(-c4cccnc4)n3)cc2)c1,188572,148.0
Cn1cc(-c2ncco2)c(-c2ccnc(Nc3ccc(N4CCOCC4)cc3)c2)n1,CHEMBL1771720,150.0
O=C(NCc1ccc(S(=O)(=O)N2CCC(n3nnc4ccccc43)CC2)s1)c1ccc(Cl)cc1,CHEMBL383955,150.0
CC(C)(C)NS(=O)(=O)c1ccc(-c2cnc3cccc(Nc4ccccn4)c3c2)cc1,CHEMBL250409,150.0
COc1cc(-n2ccc(-c3ccc(C(F)(F)F)cc3)cc2=O)ccc1OCC(C)(C)O,222131,157.5
Cc1ccc(-c2ncn(-c3ccc(Nc4nccc(-c5cccc(N6CCOCC6)c5)n4)cc3)n2)cn1,CHEMBL2144409,159.0
Cn1ccc(-c2cc(Nc3ccc(-n4cnc(N5CCOCC5)n4)cc3)ncc2F)n1,CHEMBL1771709,160.0
C#CCN1CCN(c2c(Cl)cccc2NC(=O)c2ccc(Br)o2)CC1,CHEMBL1233749,160.0
Cc1nc(C)n(-c2ccc(Nc3cc(-c4ccn(C)n4)c(Cl)cn3)cc2)n1,CHEMBL1771663,160.0
COc1ccc(Oc2cc(Nc3c(Cl)cccc3C(N)=O)c(C(F)(F)F)cn2)cc1,CHEMBL1923213,160.0
O=c1n(C2CCNCC2)nc(-c2ccnc(NC3CCOCC3)c2)n1-c1ccc2ccccc2c1,CHEMBL1644643,160.0
NC(=O)c1ccccc1Nc1ccnc(Nc2ccc(N3CCOCC3)cc2)c1,CHEMBL3220479,160.0
Cn1ccc(-c2cc(Nc3ccc(N4CCOCC4)cc3)ncc2F)n1,CHEMBL1771666,160.0
c1cc(-c2cc[nH]n2)cc(Nc2ccc(N3CCOCC3)cc2)n1,CHEMBL1771660,160.0
O=C(Cc1cccc2cnccc12)Nc1ccsc1-c1cscn1,CHEMBL1288100,160.0
Cc1ccc(NC(=O)c2cccc(-n3cc(NC(=O)Nc4ccc(F)cc4)cn3)c2)cn1,CHEMBL3355151,162.0
Cn1nccc1NC(=O)c1cccc(-n2cc(NC(=O)Nc3ccccc3Cl)cn2)c1,CHEMBL3355171,162.0
COC(=O)c1c(C)csc1NC(=O)Cc1cccc2nccnc12,CHEMBL1682003,162.0
CC(C)C(=O)N1CCC(Nc2ncc3ccc(=O)n(C(C)C)c3n2)CC1,CHEMBL3577872,162.0
Cc1nc2c(cnn2-c2csc(C(=O)NC3COC3)c2)cc1Nc1cccc(F)c1Cl,CHEMBL4876785,169.0
CN1CCC(CNC(=O)c2cccc(-n3cc(NC(=O)Nc4ccccc4Cl)cn3)c2)CC1,CHEMBL3355182,169.0
Cc1ccc(-c2cccc3cnc(Nc4ccc(F)cc4)nc23)cn1,CHEMBL1761573,170.0
CNC(=O)c1ccccc1Nc1cc(Oc2ccc(OC)cc2)ncc1Cl,CHEMBL1923215,170.0
Fc1cnc(Nc2ccc(N3CCOCC3)cc2)cc1-c1ccn(CCc2ccccc2)n1,CHEMBL1771712,170.0
O=C(NCCN1CCOCC1)c1cccc(-n2ncc3cc(Nc4ccccc4)cnc32)c1,CHEMBL2376905,170.0
Cc1cc(Nc2cc(Nc3ccccc3C(N)=O)ccn2)ccc1N1CCOCC1,CHEMBL3220492,173.0
CNC(=O)c1ccccc1Nc1cc(Nc2ccc(N3CCOCC3)c(C)c2)ncc1C(F)(F)F,CHEMBL3220477,173.0
O=C(Nc1cc(-c2ccnc(Nc3ccccc3)c2)ccn1)c1cccnc1,CHEMBL380625,175.0
CCC(=O)Nc1cccc(C(=O)Nc2cccc(Nc3cc(-c4c(-c5ccc(F)cc5)nc(SC)n4C)ccn3)c2)c1,CHEMBL4077684,175.0
CNCC(=O)N1CCC(Nc2ncc(Cl)c(-c3c[nH]c4ccccc34)n2)CC1,CHEMBL393861,179.0
CC(=O)Nc1cc(-c2c(-c3ccc(F)cc3)nc(SC3CCC(C(=O)O)CC3O)n2C)ccn1,CHEMBL3394111,180.0
O=C(Cc1ccc(C(F)(F)F)c2ncccc12)Nc1scc(Cl)c1-c1ncn[nH]1,CHEMBL1822137,183.0
O=C(Cc1ccc(C(F)(F)F)c2ncccc12)Nc1scc(Cl)c1-c1nnc[nH]1,50659440,183.0
O=C(Nc1cnn(-c2csc(C(=O)NCC3CCNCC3)c2)c1)Nc1ccccc1Cl,CHEMBL4788258,186.0
Cc1ncn(-c2ccc(Nc3cc(-c4nocc4-c4c(C)n[nH]c4C)ccn3)cc2)n1,CHEMBL3100086,187.0
Cn1cc(-c2ccc3cnc(Nc4ccc(-n5cnc(N6CCOCC6)n5)cc4)nc3c2C(F)(F)F)cn1,CHEMBL1761580,190.0
N#Cc1ccc2c(c1)NC(=CC(=O)c1cccc3ccccc13)C(=O)N2,CHEMBL4795574,190.0
Oc1c2ccccc2c2c3c(cccc13)NN2,50383516,190.0
Cc1n[nH]c(-c2c(C)csc2NC(=O)Cc2ccc(OCCCN3CCCCC3)cc2)n1,CHEMBL1682008,197.0
Cc1nnc(-c2c(C)csc2NC(=O)Cc2ccc(OCCCN3CCCCC3)cc2)[nH]1,50626376,197.0
COC(=O)CSc1nc(-c2ccc(F)cc2)c(-c2ccnc(NC(C)=O)c2)n1C,CHEMBL3394094,199.0
N#Cc1c(NC(=O)c2cccc3ccccc23)sc2c1CCCC2,CHEMBL233001,199.53
NS(=O)(=O)c1ccc(-c2cnc3cccc(Nc4ccccn4)c3c2)cc1,CHEMBL400863,200.0
Cc1ccc(-c2ncn(-c3ccc(Nc4cc(-c5ccn(C)n5)c(F)cn4)cc3)n2)cn1,CHEMBL1771668,200.0
NC(=O)c1ccccc1Nc1cc(Oc2ccc(F)cc2)ncc1C(F)(F)F,CHEMBL1923195,200.0
C=CCN1CCN(c2c(C)cccc2NC(=O)c2ccc(Br)o2)CC1,CHEMBL1784096,200.0
C=CC(=O)Nc1ccc(C(=O)Nc2ccc(Nc3cc(-c4[nH]c(SC)nc4C)ccn3)cc2)cc1,CHEMBL4100292,200.0
Cn1ccc(-c2cc(Nc3ccc(-n4cnc(N5CCOCC5)n4)cc3)ncc2Cl)n1,CHEMBL1771664,200.0
O=C(Nc1cnn(-c2cc(C(=O)NC3CNC3)cs2)c1)Nc1ccccc1Cl,CHEMBL4777114,200.0
NC(=O)c1ccccc1Nc1cc(Oc2cccc(Cl)c2)ncc1C(F)(F)F,CHEMBL1923197,200.0
CS(=O)(=O)NC1CCC(Nc2nccc(-n3ccc4c(N5CCN(C(=O)CC#N)CC5)cccc43)n2)CC1,51195163,200.0
CC(C)n1c(=O)ccc2cnc(NC3CCC(N)CC3)nc21,CHEMBL3577865,201.0
COc1ccccc1Nc1ccc2c(-c3ccccc3)n[nH]c2c1,CHEMBL254443,202.0
Cn1ccc(NC(=O)c2cccc(-n3cc(NC(=O)Nc4ccccc4Cl)cn3)c2)n1,CHEMBL3355170,203.0
CC(C)NC(=O)NC1CCC(Nc2ncc3ccc(=O)n(C4CCOCC4)c3n2)CC1,CHEMBL3577878,204.0
O=C(Nc1cnn(-c2cccc(C(=O)NCC3CCNCC3)c2)c1)Nc1ccccc1Cl,CHEMBL3355181,206.0
CC(=O)N1CCCCC1C(=O)Nc1cc(-c2ccnc(Nc3ccccc3)c2)ccn1,CHEMBL383678,207.0
COc1ccc(Nc2ncc3nc(Nc4ccccc4F)n(C4CCCC4)c3n2)cc1,CHEMBL1946325,210.0
O=c1[nH]nc(-c2ccnc(Nc3nccs3)c2)n1-c1ccc2ccccc2c1,CHEMBL1644627,210.0
c1cncc(-c2ccc3cnc(Nc4ccc(-n5cnc(N6CCOCC6)n5)cc4)nc3c2)c1,CHEMBL1761558,210.0
CS(=O)(=O)N(c1ccc(-c2cnc3ccc4ccncc4c3c2)cc1)S(C)(=O)=O,CHEMBL250199,210.0
Cc1cccc(NC(=O)c2ccc(C#N)o2)c1N1CCC2(CC1)OCCO2,CHEMBL1783590,210.0
CN(C)CCNc1onc(-c2ccnc(Nc3ccc(N4CCOCC4)cc3)c2)c1-c1ccc(F)cc1,CHEMBL3099974,216.0
CNC(=O)c1ccccc1Nc1cc(Nc2ccc(-n3ccnn3)cc2)ncc1C(F)(F)F,CHEMBL3220471,218.0
NC(=O)c1ccccc1Nc1ccnc(Nc2ccc(-n3ccnn3)cc2)c1,CHEMBL3220486,218.0
CS(=O)(=O)C1CCN(c2cccc3c2ccn3-c2ccnc(NC3CCC(C(=O)N4CCn5cnnc5C4)CC3)n2)CC1,51195191,220.0
CN1CCC(CNC(=O)c2cc(-n3cc(NC(=O)Nc4ccccc4Cl)cn3)cs2)C1,CHEMBL4753218,222.0
COC(=O)c1c(C)csc1NC(=O)Cc1ccc(OCCCN2CCCC2)cc1,CHEMBL1682001,226.0
CC(=O)Nc1cc(-c2c(-c3ccc(F)cc3)nc(SC=CC(=O)O)n2CC(O)CO)ccn1,CHEMBL3394109,226.0
Cc1ccc(NC(=O)c2cccc(-n3cc(NC(=O)Nc4ccccc4Cl)cn3)c2F)cn1,CHEMBL3355159,230.0
CC(C)NC(=O)NC1CCC(Nc2ncc3ccc(=O)n(C)c3n2)CC1,CHEMBL3577876,238.0
NS(=O)(=O)c1ccc(-c2cnc3cccc(Nc4ccc(Cl)cn4)c3c2)cc1,CHEMBL250017,240.0
Cc1nc(C)n(-c2ccc(Nc3cc(-c4ccn(-c5cccc(C#N)c5)n4)ccn3)cc2)n1,CHEMBL1771715,240.0
COc1ccc(Nc2ncc3nc(Nc4ccccc4F)n(C4CCC(N)CC4)c3n2)cc1,CHEMBL1946339,240.0
CS(=O)(=O)C1CCN(c2cccc3c2ccn3-c2ccnc(NC3CCC(O)CC3)n2)CC1,51195160,240.0
CCOc1cc(-c2nncn2C)ccc1Nc1ncc2cc(C)nc(NCC(C)(C)C)c2n1,CHEMBL3924132,242.0
c1ccc2cc(-c3[nH]ncc3-c3ccncc3)ccc2c1,CHEMBL1784666,245.0
c1ccc2cc(-c3n[nH]cc3-c3ccncc3)ccc2c1,50643738,245.0
NCc1ccc(-c2cnc3[nH]cc(-c4cccc(NC(=O)Nc5ccc(C(F)(F)F)cc5F)c4)c3c2)cc1,CHEMBL551024,250.0
CC(C)(C)NS(=O)(=O)c1ccc(-c2cnc3cccc(Nc4ccc(Cl)cn4)c3c2)cc1,CHEMBL430014,250.0
O=C(Nc1cccc(Cl)c1N1CCN(Cc2ccco2)CC1)c1ccc(Br)o1,CHEMBL1784089,250.0
O=c1[nH]nc(-c2ccnc(Nc3cccnc3)c2)n1-c1ccc2ccccc2c1,CHEMBL1644626,250.0
Cc1cccc(NC(=O)c2cccc(-n3ncc4cc(Nc5ccccc5C)ccc43)c2)c1,CHEMBL2376921,250.0
O=C1Nc2ccccc2NC1=CC(=O)c1cccc2ccccc12,CHEMBL4531109,250.0
N#Cc1c(NC(=O)c2cccc3ccccc23)sc2c1CCCN2C(=O)c1cc[nH]n1,CHEMBL232610,251.19
N#Cc1c(NC(=O)c2cccc3ccccc23)sc2c1CCCN2C(=O)C1CC1,CHEMBL232601,251.19
N#Cc1c(NC(=O)c2cccc3ccccc23)sc2c1CCCN2C(=O)c1ccn[nH]1,51004193,251.19
CCC(=O)Nc1cccc(C(=O)Nc2ccc(Nc3cc(-c4[nH]c(SC)nc4C)ccn3)cc2)c1,CHEMBL4101252,253.0
CC(=O)CSc1nc(-c2ccc(F)cc2)c(-c2ccnc(NC(C)=O)c2)n1C,CHEMBL3394097,255.0
CCNc1ncc2nc(Nc3ccccc3F)n(C3CCCC3)c2n1,CHEMBL1946330,260.0
COC(=O)c1c(C)csc1NC(=O)Cc1ccc(-c2ccncc2)cc1,CHEMBL1681998,263.0
CC(=O)Nc1cc(-c2c(-c3ccc(F)cc3)nc(SCC(=O)O)n2C)ccn1,CHEMBL3394096,266.0
COC(Cn1c(SCCC(=O)O)nc(-c2ccc(F)cc2)c1-c1ccnc(NC(C)=O)c1)OC,CHEMBL3394099,269.0
CNC(=O)CN1CCC(Nc2nccc(-c3cnc4ccccn34)n2)CC1,CHEMBL485323,270.0
O=C(Cc1cc(C(F)(F)F)cc2ncccc12)Nc1scc(Br)c1-c1ncn[nH]1,CHEMBL1822136,280.0
CCN1CCC(n2nc(-c3ccnc(NC4CCOCC4)c3)n(-c3ccc4ccccc4c3)c2=O)CC1,CHEMBL1644644,280.0
O=C(Cc1cc(C(F)(F)F)cc2ncccc12)Nc1scc(Br)c1-c1nnc[nH]1,50659439,280.0
C#CCN1CCN(c2c(F)cccc2NC(=O)c2ccc(Br)o2)CC1,CHEMBL1784097,290.0
C[S+]([O-])c1ccc(-c2nc(-c3ccc(F)cc3)c(-c3ccncc3)[nH]2)cc1,CHEMBL10,290.0
N#CC(c1ccnc(Cl)n1)c1nc2ccccc2s1,CHEMBL1991853,290.0
CS(=O)c1ccc(-c2nc(-c3ccncc3)c(-c3ccc(F)cc3)[nH]2)cc1,50543920,290.0
CS(=O)(=O)C1CCN(c2cccc3c2cnn3-c2ccnc(NC3CCC(O)CC3)n2)CC1,51195161,290.0
c1ccc(-c2ccnc(Nc3ccc(-n4cncn4)cc3)n2)cc1,CHEMBL572282,297.0
CCOC(=O)c1c(C#N)csc1NC(=O)Cc1ccc(OC)cc1,CHEMBL1681996,310.0
C=CCN1CCN(c2c(Cl)cccc2NC(=O)c2cnc(Br)s2)CC1,CHEMBL1783492,310.0
Cc1ccc(CNC(=O)c2cccc(-n3cc(NC(=O)Nc4ccccc4Cl)cn3)c2)cn1,CHEMBL3355168,311.0
Cc1ccc(NC(=O)c2cccc(-n3cc(NC(=O)Nc4ccccc4F)cn3)c2)cn1,CHEMBL3355149,313.0
NC(=O)c1ccccc1Nc1cc(Oc2ccc3ccccc3c2)ncc1C(F)(F)F,CHEMBL1923200,320.0
Fc1cnc(Nc2ccc(N3CCOCC3)cc2)cc1-c1ccn(CCN2CCOCC2)n1,CHEMBL1771713,320.0
CNC(=O)c1ccccc1Nc1cc(Nc2ccc(N3CCOCC3)cc2OC)ncc1F,CHEMBL3220465,320.0
Cc1cccc(C(=O)C=C2Nc3ccccc3NC2=O)c1,CHEMBL4788894,320.0
Cc1n[nH]c(-c2c(C)csc2NC(=O)Cc2ccc(-c3ccncc3)cc2)n1,CHEMBL1682007,324.0
Cc1nnc(-c2c(C)csc2NC(=O)Cc2ccc(-c3ccncc3)cc2)[nH]1,50626375,324.0
CN(C)C(=O)c1ccc(Nc2cc(Nc3ccccc3C(N)=O)ccn2)cc1,CHEMBL3220485,325.0
CNC(=O)c1ccccc1Nc1cc(Nc2ccc(C(=O)N(C)C)cc2)ncc1C(F)(F)F,CHEMBL3220470,325.0
NC(=O)c1ccccc1Nc1ccnc(Nc2ccc3c(c2)OCO3)c1,CHEMBL3220489,326.0
CNC(=O)c1ccccc1Nc1cc(Nc2ccc3c(c2)OCO3)ncc1C(F)(F)F,CHEMBL3220474,326.0
Cc1nc(C)n(-c2ccc(Nc3cc(-c4ccn(C)n4)c(F)cn3)cc2)n1,CHEMBL1771667,340.0
Cc1nc(C)n(-c2ccc(Nc3cc(-c4ccn(-c5ccccn5)n4)ccn3)cc2)n1,CHEMBL1771717,340.0
CN(C)CCNc1nccc(-c2cccnc2Oc2ccc(Nc3nc4ccccc4[nH]3)c3ccccc23)n1,CHEMBL3355992,350.0
CSc1nccc(C(C#N)c2nc3ccccc3s2)n1,CHEMBL3911431,350.0
Cc1cccc(NC(=O)c2ccc(C(F)F)o2)c1N1CCC2(CC1)OCCO2,CHEMBL1783592,350.0
Cc1c(Cl)cccc1N=C1NC(=O)C(=C2C(=O)Nc3ccc(Br)cc32)S1,CHEMBL4531954,350.0
O=C(Nc1cnn(-c2cccc(C(=O)NCCCN3CCOCC3)c2)c1)Nc1ccccc1Cl,200733,350.0
COc1ccc(Nc2ncc3nc(Nc4ccccc4F)n(C4CCCCC4)c3n2)cc1,CHEMBL1946337,360.0
CCn1c(Nc2ccccc2F)nc2cnc(Nc3ccc(OC)cc3)nc21,CHEMBL1946335,360.0
c1ccc2cc(-c3nn[nH]c3-c3ccncc3)ccc2c1,CHEMBL1784665,364.0
N#Cc1ccnc(Nc2cc(C3CCN(C4COC4)CC3)cc(N3CCC(F)(F)C3)n2)c1,50291813,364.0
c1ccc2cc(-c3[nH]nnc3-c3ccncc3)ccc2c1,50643737,364.0
c1cc(-c2ccnc(Nc3ccc(-n4ccnn4)cc3)n2)cc(N2CCOCC2)c1,CHEMBL572283,365.0
CN(C)c1onc(-c2ccnc(Nc3ccc(N4CCOCC4)cc3)c2)c1-c1ccc(F)cc1,CHEMBL3099971,366.0
O=C1Nc2ccccc2NC1=CC(=O)c1cccc(Cl)c1,CHEMBL4777530,370.0
Cc1nc(C)n(-c2ccc(Nc3cc(Nc4ccccc4C(N)=O)ccn3)cc2)n1,CHEMBL3220487,371.0
CNC(=O)c1ccccc1Nc1cc(Nc2ccc(-n3nc(C)nc3C)cc2)ncc1C(F)(F)F,CHEMBL3220472,371.0
COc1cc(N2CCOCC2)ccc1Nc1cc(Nc2ccccc2C(N)=O)ccn1,CHEMBL3220484,374.0
NC(=O)c1ccccc1Nc1cc(Oc2ccc(Br)cc2)ncc1C(F)(F)F,CHEMBL1923196,380.0
Cn1cc(-c2cn(C)nc2-c2ccnc(Nc3ccc(N4CCOCC4)cc3)c2)cn1,CHEMBL1771721,390.0
Cn1cc(-c2ccnn2C)c(-c2ccnc(Nc3ccc(N4CCOCC4)cc3)c2)n1,CHEMBL1771722,390.0
Cc1ncn(-c2ccc(Nc3nccc(-c4cccc(N5CCOCC5)c4)n3)cc2)n1,CHEMBL585725,390.0
N#Cc1c(NC(=O)c2ccccc2F)sc2c1CCCC2,CHEMBL234838,398.11
COc1cc2c(cc1Cl)C(c1cccc(Br)c1)=NCC2,CHEMBL1083185,398.11
NC1CCC(Nc2nccc(-c3cccnc3Oc3ccc(NS(=O)(=O)c4ccccc4Cl)c4ccccc34)n2)CC1,CHEMBL3356010,400.0
Cc1cc(NS(=O)(=O)c2ccccc2C#N)c2ccccc2c1Oc1ncccc1-c1ccnc(NC2CCC(N)CC2)n1,CHEMBL3356006,400.0
Cc1nc(C)n(-c2ccc(Nc3cc(-c4nn(C)cc4C)ccn3)cc2)n1,CHEMBL1771724,400.0
NC1=C2C(=O)c3ccccc3C3=NSC(=CC1)C32,50383520,400.0
CCN(CC)S(=O)(=O)c1ccc2[nH]c(COC(=O)c3[nH]nc4ccccc34)nc2c1,CHEMBL1339933,401.0
CCN(CC)S(=O)(=O)c1ccc2nc(COC(=O)c3n[nH]c4ccccc34)[nH]c2c1,79656,401.0
CC(=O)Nc1cc(-c2n[nH]c(=O)n2-c2ccc3ccccc3c2)ccn1,CHEMBL1644629,410.0
O=C1Nc2ccccc2NC1=CC(=O)c1ccccc1Cl,CHEMBL4782208,410.0
Cc1cccc(NC(=O)c2ccc(F)o2)c1N1CCC2(CC1)OCCO2,CHEMBL1783589,410.0
CCNC(=O)N1CCC(Nc2ncc(C)c(-c3c[nH]c4ccccc34)n2)CC1,CHEMBL245724,410.0
CCNC(=O)N1CCC(Nc2ncc(C#N)c(-c3c[nH]c4cc(F)ccc34)n2)CC1,CHEMBL248370,412.0
CNC(=O)c1ccccc1Nc1cc(Nc2ccc3ccccc3c2)ncc1C(F)(F)F,CHEMBL3220475,414.0
NC(=O)c1ccccc1Nc1ccnc(Nc2ccc3ccccc3c2)c1,CHEMBL3220490,414.0
Cc1nc2c(F)cc(-c3nc(Nc4ccc5c(n4)CCN(CCN(C)C)C5)ncc3F)cc2n1C(C)C,CHEMBL4448494,416.0
CCOC1CCN(C(=O)C2CCC(Nc3nccc(-n4ccc5c(N6CCC(S(C)(=O)=O)CC6)cccc54)n3)CC2)C1,51195177,420.0
O=c1[nH]nc(-c2ccnc(NC3CCOCC3)c2)n1-c1ccc2cc(Br)ccc2c1,CHEMBL1644634,430.0
O=C1Nc2ccccc2NC1=CC(=O)c1cccc(Cl)c1Cl,CHEMBL4782076,430.0
Cc1ncn(-c2ccc(Nc3cc(-c4nocc4C)ccn3)cc2)n1,CHEMBL3099976,435.0
CS(=O)(=O)Nc1ccc(-c2cnc3cccc(Nc4ccccn4)c3c2)cc1,CHEMBL401123,440.0
COc1ccc(CC(=O)Nc2scc(C)c2-c2nc(C)n[nH]2)cc1,CHEMBL1682006,465.0
COc1ccc(CC(=O)Nc2scc(C)c2-c2nnc(C)[nH]2)cc1,50626374,465.0
O=C(Cc1cccc2cnccc12)Nc1scnc1-c1cnccn1,CHEMBL1288159,470.0
CS(=O)(=O)Nc1ccc(-c2cnc3cccc(Nc4ncccn4)c3c2)cc1,CHEMBL248790,480.0
Cn1ccc(-c2cc(Nc3ccc(-n4cnc(-c5ccccn5)n4)cc3)ncc2F)n1,CHEMBL1771669,480.0
COc1cc(NC(=O)c2cccc(-n3cc(NC(=O)Nc4ccc(Cl)cc4)cn3)c2)cc(OC)c1OC,200728,480.0
CS(=O)(=O)Nc1ccc(-c2cnc3cccc(Nc4ccc(C(F)(F)F)cn4)c3c2)cc1,CHEMBL398691,490.0
NC(=O)c1ccc(Nc2nccc(-c3ccccc3)n2)cc1,CHEMBL571619,491.0
Cc1cccc2nc3c(nc12)-c1ccccc1C3=NO,51238049,500.0
CCCCCCCCCCCc1cc(O)cc(O)c1C(=O)OC(CCC)CCCCCCCc1cc(OS(=O)(=O)O)cc(OS(=O)(=O)O)c1,50383507,500.0
N#Cc1c(NC(=O)c2cccc3ccccc23)sc2c1CCCN2Cc1cccnc1,CHEMBL391656,501.19
O=C(C1CCC(Cn2c(=O)[nH]c3ccccc3c2=O)CC1)N1CCN(c2ccccc2)CC1,CHEMBL1445111,502.0
COC(=O)c1c(C)csc1NC(=O)Cc1ccc(OCCCn2ccnc2)cc1,CHEMBL1681999,504.0
N#CC(c1ccnc(NCCO)n1)c1nc2ccccc2s1,CHEMBL3909574,510.0
CNC(=O)c1ccccc1Nc1cc(Nc2ccc(N3CCOCC3)cc2OC)ncc1C#N,CHEMBL3220468,510.0
Nc1ccc(-c2cnc3ccc4ccncc4c3c2)cc1,CHEMBL248832,510.0
NC(=O)c1ccccc1Nc1ccnc(Oc2ccccc2)c1,CHEMBL1923184,520.0
O=C(Cc1ccc2ccccc2c1)Nc1cc(Cl)ccn1,CHEMBL4754904,520.0
Fc1ccc(-c2c(-c3ccnc(Nc4ccc(N5CCOCC5)cc4)c3)noc2N2CCOCC2)cc1,CHEMBL3099970,523.0
COc1ccccc1Nc1cc(-c2ccnc(Nc3ccccc3OC)c2)ccn1,CHEMBL437706,528.0
Cc1ccc(C(=O)Nc2cccc(C)c2N2CCC3(CC2)OCCO3)o1,CHEMBL1783591,530.0
CC(=O)Nc1ccc(-c2cnc3ccc4ccncc4c3c2)cc1,CHEMBL248833,530.0
CC(C)n1c(=O)ccc2cnc(NC3CCOCC3)nc21,CHEMBL3577862,532.0
CC(C)c1onc(-c2ccc(F)cc2)c1-c1ccncc1,CHEMBL220227,540.0
Cc1ccc2c(NS(=O)(=O)c3ccccc3Cl)cccc2c1Oc1ncccc1-c1ccnc(NC2CCC(N)CC2)n1,CHEMBL3356008,540.0
C=C(C)CN1CCN(c2c(Cl)cccc2NC(=O)c2ccc(Br)o2)CC1,CHEMBL1784087,540.0
Cc1nc(-c2sccc2NC(=O)Cc2cccc3ccccc23)n[nH]1,CHEMBL1287974,550.0
Cc1nnc(-c2sccc2NC(=O)Cc2cccc3ccccc23)[nH]1,50611582,550.0
S=c1[nH]nc(-c2ccncc2)n1-c1ccc2ccccc2c1,CHEMBL1644616,559.0
N#Cc1ccc(N2CCC(Nc3c(C(N)=O)cnc4[nH]ccc34)C(F)C2)nc1,CHEMBL3593777,560.0
O=C(Cc1cccc2ncccc12)Nc1ccsc1-c1nnc[nH]1,CHEMBL1288099,560.0
O=C(Cc1c(F)cccc1Cl)Nc1onc(-c2ccc(F)cc2)c1-c1ccncn1,CHEMBL3310142,572.0
CCNC(=O)N1CCC(Nc2ncc(Cl)c(-c3c[nH]c4ccccc34)n2)C1,CHEMBL246544,582.0
Cc1ncn(-c2ccc(Nc3cc(-c4nocc4-c4cc[nH]n4)ccn3)cc2)n1,CHEMBL3099964,587.0
Oc1ccc(-c2cnc3ccc4ccncc4c3c2)cc1,CHEMBL248643,590.0
O=C1NC(=Nc2cccc3ccccc23)SC1=C1C(=O)Nc2ccc(Br)cc21,CHEMBL4551217,590.0
O=C(Nc1cc(-c2n[nH]c(=O)n2-c2ccc3ccccc3c2)ccn1)c1ccccc1,CHEMBL1644631,590.0
Cn1cnc(NC(=O)c2cccc(-n3cc(NC(=O)Nc4ccccc4Cl)cn3)c2)n1,CHEMBL3355173,594.0
Cc1n[nH]c(-c2c(C)csc2NC(=O)Cc2cccc3nccnc23)n1,CHEMBL1682009,594.0
Cc1nnc(-c2c(C)csc2NC(=O)Cc2cccc3nccnc23)[nH]1,50626377,594.0
Cc1ccc(NC(=O)c2cccc(-n3cc(NC(=O)Nc4cccc(Cl)c4)cn3)c2)cn1,CHEMBL3355147,596.0
Cc1ccc(-c2ncn(-c3ccc(Nc4cc(-c5ccn(C)n5)c(Cl)cn4)cc3)n2)cn1,CHEMBL1771665,600.0
Nc1cccc(C(=O)C=C2Nc3ccccc3NC2=O)c1,CHEMBL4800639,600.0
Cc1cc2nc3c(nc2cc1C)-c1ccccc1C3=NO,51238011,600.0
COC(=O)c1sccc1NC(=O)Cc1cccc2cnccc12,CHEMBL1288215,610.0
COC(=O)c1sccc1NC(=O)Cc1cccc2ncccc12,CHEMBL1288216,610.0
COc1ccc(C(=O)Nc2cccc(C)c2N2CCC3(CC2)OCCO3)o1,CHEMBL1783596,620.0
Cc1c(Cl)cccc1N=C1NC(=O)C(=C2C(=O)Nc3ccccc32)S1,CHEMBL4464624,620.0
Cc1ncn(-c2ccc(Nc3nccc(-c4cc[nH]n4)n3)cc2)n1,CHEMBL1771656,630.0
COc1cc2c(cc1Cl)C(c1cccc(Cl)c1F)=NCC2,CHEMBL1077129,630.96
N#Cc1c(NC(=O)c2ccsc2)sc2c1CCCC2,CHEMBL397356,630.96
O=C(Nc1ccc2[nH]nc(-c3ccncc3)c2c1)C1CCN(CC(=O)N2CCN(c3ccc(-c4ncccn4)cc3)CC2)C1,250130,632.0
O=C(NCCN1CCOCC1)c1cc(-n2ncc3cc(Nc4c(Cl)cccc4Cl)ccc32)ccn1,CHEMBL2376928,640.0
O=C(NCCN1CCOCC1)c1cccc(-n2ncc3cc(Nc4ccccc4Cl)ccc32)n1,CHEMBL2376927,640.0
COc1cccc(-n2ccc(-c3ccnc(Nc4ccc(-n5nc(C)nc5C)cc4)c3)n2)c1,CHEMBL1771714,650.0
CS(=O)(=O)C1CCN(c2cccc3c2ccn3-c2ccnc(NC3CCC(C(=O)N4CCC(O)CC4)CC3)n2)CC1,51195178,650.0
Cc1ccccc1Nc1cc(-c2ccnc(Nc3ccccc3C)c2)ccn1,CHEMBL205561,652.0
CCOC(=O)C=CSc1nc(-c2ccc(F)cc2)c(-c2ccnc(NC(C)=O)c2)n1C1CC1,CHEMBL3394114,678.0
CNc1ncc2nc(Nc3ccccc3F)n(C3CCCC3)c2n1,CHEMBL1946329,680.0
NC(=O)c1ccccc1Nc1ccnc(Nc2ccc(N3CCOCC3)cc2F)c1,CHEMBL3220488,680.0
CNC(=O)c1ccccc1Nc1cc(Nc2ccc(N3CCOCC3)cc2F)ncc1C(F)(F)F,CHEMBL3220473,680.0
COC(=O)c1sccc1NC(=O)Cc1ccc(-c2ccncc2)cc1,CHEMBL1288157,690.0
CCOc1ccccc1Nc1cc(-c2ccnc(Nc3ccccc3OCC)c2)ccn1,CHEMBL202961,693.0
COC(=O)c1c(C)csc1NC(=O)Cc1ccc(OC)cc1,CHEMBL1681992,700.0
CC(=O)Nc1ccc(-c2c(-c3ccc(F)cc3)nc([S+](C)[O-])n2C)cn1,CHEMBL4747276,700.0
CCOC(=O)c1sccc1NC(=O)Cc1ccccc1,CHEMBL1288966,700.0
c1cc(-n2cnc(N3CCOCC3)n2)ccc1Nc1ncc2ccc(-c3cnoc3)cc2n1,CHEMBL1761556,700.0
CC(=O)NC1CCC(Nc2nccc(-n3ccc4c(N5CCC(S(C)(=O)=O)CC5)cccc43)n2)CC1,51195201,700.0
Nc1nnc(Sc2ncc([N+](=O)[O-])s2)s1,51111218,700.0
CN(C)CC=CC(=O)Nc1ccc(C(=O)Nc2cccc(Nc3nccc(-c4cccnc4)n3)c2)cc1,CHEMBL3393606,704.0
CCNC(=O)N1CCC(Nc2nccc(-c3cnc4ccccn34)n2)CC1,CHEMBL246543,708.0
Cc1cc(Nc2nc3ccccc3[nH]2)c2ccccc2c1Oc1ncccc1-c1ccnc(NCCN(C)C)n1,CHEMBL3355993,710.0
CS(=O)(=O)NC1CCC(Nc2nccc(-n3ccc4c(N5CCC(S(C)(=O)=O)CC5)cccc43)n2)CC1,51195164,710.0
CNC(=O)c1ccccc1Nc1cc(Nc2cc(OC)c(OC)c(OC)c2)ncc1C(F)(F)F,CHEMBL3220476,727.0
COc1cc(Nc2cc(Nc3ccccc3C(N)=O)ccn2)cc(OC)c1OC,CHEMBL3220491,727.0
Cc1ccc(-c2ccc3cnc(Nc4ccc(-n5cnc(N6CCOCC6)n5)cc4)nc3c2)cn1,CHEMBL1761559,730.0
Cn1ccc(-c2nc(Nc3ccc(-n4cnc(N5CCOCC5)n4)cc3)ncc2Cl)n1,CHEMBL1771659,730.0
O=C1NC(=Nc2cccc(Cl)c2)SC1=C1C(=O)Nc2ccc(I)cc21,CHEMBL4442806,750.0
Cc1cnc(Nc2ccc(-n3cnc(N4CCOCC4)n3)cc2)cc1-c1ccn(C)n1,CHEMBL1771710,750.0
CS(=O)(=O)Nc1ccc(-c2cnc3cccc(Nc4ncc([N+](=O)[O-])s4)c3c2)cc1,CHEMBL248792,760.0
COc1ccc2cc(C(C)C(=O)Nc3cc(C)ccn3)ccc2c1,CHEMBL4749658,780.0
Cc1ccc(C(=O)NC2CC2)cc1-c1ccc2nc(NCCN3CCOCC3)ncc2c1,CHEMBL494072,788.0
COc1ccc(CC(=O)Nc2ccsc2-c2ncco2)cc1,CHEMBL1288068,800.0
O=C(Nc1cnn(-c2ccc(C(=O)NC3CNC3)s2)c1)Nc1ccccc1Cl,CHEMBL4744126,800.0
Cc1nc(CSc2nc3nncc-3c(O)n2-c2ccccc2)cs1,CHEMBL1568840,809.0
Cc1nc(CSc2nc3n[nH]cc3c(=O)n2-c2ccccc2)cs1,79831,809.0
CC(=O)N1CCN(c2c(Cl)cccc2NC(=O)c2ccc(Br)o2)CC1,CHEMBL1784093,810.0
O=C(Cc1cccc2cnccc12)Nc1scnc1-c1nc[nH]n1,CHEMBL1288128,820.0
CS(=O)(=O)NC1CCC(Nc2nccc(-n3ccc4c(N5CCN(C(=O)CO)CC5)cccc43)n2)CC1,51195162,820.0
O=C(Cc1cccc2cnccc12)Nc1scnc1-c1nnc[nH]1,50611614,820.0
Cc1ncn(-c2ccc(Nc3ncc(Cl)c(-c4ccn(C)n4)n3)cc2)n1,CHEMBL1771658,860.0
OC1CCC(Nc2ncc3ccc(C4CC4)nc3n2)CC1,CHEMBL3577856,860.0
NS(=O)(=O)N1CCC(Nc2nccc(-c3ccc(S(=O)(=O)N4CCOCC4)cc3)n2)CC1,CHEMBL1773329,880.0
COC(=O)c1cscc1NC(=O)Cc1cccc2ccccc12,CHEMBL1287859,900.0
CCCN1CCN(c2c(Cl)cccc2NC(=O)c2ccc(Br)o2)CC1,CHEMBL1784084,900.0
Cc1ccc2nc3c(nc2c1)-c1ccccc1C3=NO,51237972,900.0
O=C(Cc1cccc2ccccc12)Nc1ccsc1-c1nc[nH]n1,CHEMBL1287916,920.0
O=C(Cc1cccc2ccccc12)Nc1ccsc1-c1nnc[nH]1,50611579,920.0
O=C(C1CCC(Cn2c(=S)[nH]c3ccccc3c2=O)CC1)N1CCN(c2ccccc2)CC1,CHEMBL1360489,929.0
CS(=O)(=O)Nc1ccc(-c2cnc3ccc4ccncc4c3c2)cc1,CHEMBL249998,930.0
S=c1[nH]nc(-c2ccnc(NCC3CC3)c2)n1-c1ccc2ccccc2c1,CHEMBL1784651,945.0
CNc1nccc(C(C#N)c2nc3ccccc3s2)n1,CHEMBL399168,950.0
Nc1ccc2cc(-n3c(-c4ccnc(NC5CCOCC5)c4)n[nH]c3=O)ccc2c1,CHEMBL1644633,950.0
O=C(Nc1cccc(Cl)c1N1CCN(C2CC2)CC1)c1ccc(Br)o1,CHEMBL1784088,960.0
NC(=O)c1ccccc1Nc1cc(Oc2cccc3ccccc23)ncc1C(F)(F)F,CHEMBL1923199,990.0
O=C(CN1C(=O)CCc2cc(C(F)(F)F)ccc21)Nc1scc(Br)c1-c1ncn[nH]1,695910,100.0
Cn1cnc(-c2c(C#N)csc2NC(=O)Cc2cccc3ncccc23)n1,695913,100.0
O=C(Cc1cccc2ncc(C(F)(F)F)cc12)Nc1scc(Br)c1-c1nc[nH]n1,695922,100.0
O=C(Cc1c(F)ccc2ncccc12)Nc1scc(Br)c1-c1ncn[nH]1,695925,100.0
C#Cc1ccc2c(ccc(=O)n2CC(=O)Nc2scc(Br)c2-c2ncn[nH]2)c1,695931,100.0
O=C(CN1C(=O)CCc2cc(F)ccc21)Nc1scc(Br)c1-c1ncn[nH]1,695714,100.0
O=C(Cn1c(=O)ccc2ccc(F)cc21)Nc1scc(Br)c1-c1ncn[nH]1,695717,100.0
O=C(CN1C(=O)CCc2ccc(Cl)cc21)Nc1scc(Br)c1-c1ncn[nH]1,695720,100.0
O=C(Cn1c(=O)ccc2cc(F)ccc21)Nc1scc(Br)c1-c1ncn[nH]1,695729,100.0
O=C(Cn1c(=O)ccc2cc(C(F)(F)F)ccc21)Nc1ccsc1-c1cscn1,695946,100.0
N#Cc1csc(NC(=O)Cc2cccc3ncccc23)c1-c1cnccn1,695949,100.0
O=C(Cc1cccc2ncsc12)Nc1scc(Br)c1-c1ncn[nH]1,695958,100.0
O=C(Cn1c(=O)ccc2cc(C(F)(F)F)ccc21)Nc1scc(Cl)c1-c1ncn[nH]1,695961,100.0
O=C(Cn1c(=O)ccc2cc(C(F)(F)F)c(F)cc21)Nc1scc(Br)c1-c1ncn[nH]1,695985,100.0
O=C(Cc1cc2cnccc2cc1F)Nc1scc(Br)c1-n1nccn1,696000,100.0
N#Cc1csc(NC(=O)Cn2c(=O)ccc3cc(C(F)(F)F)ccc32)c1-n1nccn1,696003,100.0
O=C(CN1C(=O)CCc2ncccc21)Nc1scc(Cl)c1-c1nc[nH]n1,696006,100.0
Cn1cnc(-c2c(Cl)csc2NC(=O)CN2C(=O)CCc3ncccc32)n1,696012,100.0
O=C(Cn1c(=O)ccn2nccc12)Nc1scc(Cl)c1-c1ncn[nH]1,696015,100.0
O=C(CN1C(=O)CCc2ncccc21)Nc1scc(Cl)c1-c1nccs1,696024,100.0
Cc1n[nH]c(-c2c(Cl)csc2NC(=O)CN2C(=O)CCc3ncccc32)n1,696030,100.0
CN(C)CCCn1cnc(-c2c(Cl)csc2NC(=O)Cn2c(=O)ccc3cc(C(F)(F)F)ccc32)n1,696033,100.0
CN1CCN(CCCn2cnc(-c3c(Cl)csc3NC(=O)Cn3c(=O)ccc4cc(C(F)(F)F)ccc43)n2)CC1,696036,100.0
CCc1n[nH]c(-c2c(Cl)csc2NC(=O)CN2C(=O)CCc3ncccc32)n1,696039,100.0
CN(C)CCn1cnc(-c2c(Cl)csc2NC(=O)Cn2c(=O)ccc3cc(C(F)(F)F)ccc32)n1,696042,100.0
N#Cc1csc(NC(=O)CN2C(=O)CCc3ncccc32)c1-c1nc[nH]n1,696048,100.0
Cn1cnc(-c2c(Cl)csc2NC(=O)Cn2c(=O)ccn3nccc23)n1,696051,100.0
O=C(Cn1c(=O)ccc2cc(C(F)(F)F)ccc21)Nc1scc(Cl)c1-c1ncn(CCCN2CCOCC2)n1,696054,100.0
O=C(Cn1c(=O)ccc2cc(C(F)(F)F)ccc21)Nc1scc(Cl)c1-c1ncn(CCCN2CCCC2)n1,696060,100.0
Cn1cnc(-c2c(Cl)csc2NC(=O)Cn2c(=O)ccc3nc(C(F)(F)F)ccc32)n1,696063,100.0
O=C(Cn1c(=O)ccc2cc(C(F)(F)F)ccc21)Nc1scc(Br)c1-n1nccn1,696069,100.0
O=C(Cn1c(=O)ccc2nc(C(F)(F)F)ccc21)Nc1scc(Cl)c1-c1ncn[nH]1,696072,100.0
O=C(Cn1c(=O)ccc2cc(Br)ccc21)Nc1scc(Br)c1-c1nc[nH]n1,696078,100.0
Cn1cnc(-c2c(C#N)csc2NC(=O)CN2C(=O)CCc3ncccc32)n1,696081,100.0
O=C(Cn1c(=O)ccc2cc(Br)ccc21)Nc1scc(Cl)c1-c1nc[nH]n1,696084,100.0
N#Cc1ccc2c(ccc(=O)n2CC(=O)Nc2scc(Cl)c2-c2nc[nH]n2)c1,696087,100.0
O=C(Cn1c(=O)ccn2nc(C(F)(F)F)cc12)Nc1scc(Cl)c1-c1ncn[nH]1,696090,100.0
O=C(Cn1c(=O)ccc2cnc(C(F)(F)F)cc21)Nc1scc(Cl)c1-c1nc[nH]n1,696093,100.0
Cn1cnc(-c2c(Cl)csc2NC(=O)Cn2c(=O)ccn3nc(C(F)(F)F)cc23)n1,696096,100.0
Cn1cnc(-c2c(Cl)csc2NC(=O)Cn2c(=O)ccc3cnc(C(F)(F)F)cc32)n1,696099,100.0
O=C(Cc1ccnc2ccccc12)Nc1scc(Br)c1-c1nnc[nH]1,695842,100.0
O=C(Cc1ccc(F)c2ncccc12)Nc1scc(Br)c1-c1ncn[nH]1,695854,100.0
O=C(Cn1c(=O)ccc2ncccc21)Nc1scc(Br)c1-c1ncn[nH]1,695863,100.0
O=C(CN1C(=O)CCc2cnccc21)Nc1scc(Br)c1-c1ncn[nH]1,695866,100.0
O=C(Cn1c(=O)ccc2cc(Cl)ccc21)Nc1scc(Br)c1-c1ncn[nH]1,695872,100.0
O=C(Cn1c(=O)ccc2c(F)cccc21)Nc1scc(Br)c1-c1ncn[nH]1,695875,100.0
O=C(Cn1c(=O)ccc2cc(C(F)(F)F)ccc21)Nc1sc(Cl)cc1-c1ncn[nH]1,695881,100.0
O=C(Cc1cncc2ccccc12)Nc1sc(Cl)cc1-c1ncn[nH]1,695884,100.0
O=C(Cc1cccc2ncc(F)cc12)Nc1scc(Br)c1-c1nc[nH]n1,695890,100.0
O=C(Cc1cccc2ccncc12)Nc1scc(Br)c1-c1ncn[nH]1,695899,100.0
N#CCc1cnc(-c2ccc3ccccc3c2)n1-c1ccnc(NC2CCCNC2)n1,784819,30.0
N#CCc1cnc(-c2ccc3ccccc3n2)n1-c1ccnc(NC2CCCN(C(=O)C3CC3)C2)n1,784824,30.0
N#CCc1cnc(-c2ccc3ccccc3c2)n1-c1ccnc(NC2CCCN(C(=O)C3CC3)C2)n1,784825,30.0
N#CCc1cnc(-c2ccc3occc3c2)n1-c1ccnc(NC2CCCN(C(=O)C3CC3)C2)n1,784828,30.0
N#CCc1cnc(-c2ccc3ccccc3c2)n1-c1ccnc(NC2CCOCC2)n1,784801,30.0
